ZIP_Code_of_Residence,Total_Births_2018_2022,Total_LBW_Count_2018_2022,LBW_Rate,avg_traffic_pct,avg_diesel_pm,avg_cancer_risk,avg_resp_hazard,avg_ej_index,svi_score,socioeconomic_status,household_characterisitcs,race_ethnicity_minority_status,housing_type_transportation,total_race_population,white_population,black_population,asian_population,hispanic_population,income_distribution,median_household_income,total_housing_population,total_ownership_population,health_insurance_coverage_pop,educational_attainment,homeownership_rate,poverty_rate
90001,3936.0,308.0,7.825203252032519,79.58889300298623,1.016898793082242,45.87371070311247,1.3518069337520555,0.8166042322810383,0.9468,0.9871,0.8586,0.9909,0.6483,57652,16284,4295,348,52642,13597,57698.0,13597,4736,57639,5.4,0.3483121276752224,21.13716783459377
90002,3839.5,324.5,8.451621304857403,84.28789945185436,1.0104359733521655,44.7937173983572,1.3582134116055224,0.8154269794113795,0.9784,0.9901,0.9554,0.9926,0.7503,53108,12306,8355,611,43766,13013,54221.0,13013,5314,53100,5.1,0.4083608698993314,23.988852903517362
90003,5583.5,439.5,7.871406823676905,91.14788489364793,1.117199574586545,45.92741652618997,1.416786540018033,0.8347100970884265,0.9819,0.9924,0.9513,0.9921,0.7833,75024,12889,12352,350,61179,17936,51275.0,17936,4845,75006,4.8,0.2701271186440678,26.84740882917466
90004,2642.0,211.0,7.986373959121877,87.25532219247842,0.9216457461249248,47.51235065682693,1.2153643401947911,0.5812786499113016,0.9,0.9398,0.4368,0.7972,0.9641,58833,17019,2619,14584,27410,23047,58420.0,23047,3794,58765,26.7,0.1646201240942422,19.242601941087482
90005,1537.0,140.0,9.108653220559532,83.06200124585338,1.0181200268138508,50.77260847938786,1.3923551044507618,0.7072037827028652,0.8825,0.9082,0.3308,0.9054,0.978,37754,7371,2006,12305,18603,16607,49226.0,16607,1301,37655,26.3,0.0783404588426567,23.58955342480267
90006,2755.5,211.5,7.675557974959172,85.11008181919985,1.0616636636555916,49.88637524675337,1.328511282365438,0.8100570077573456,0.9708,0.9556,0.6541,0.9524,0.9977,56628,13244,1669,10370,41030,19100,47599.0,19100,2033,56075,16.1,0.1064397905759162,22.764356855265948
90007,1275.5,123.5,9.682477459819678,92.2271787228805,1.1897530189499947,48.08502108490271,1.4064061828403964,0.7693448089999955,0.9538,0.9953,0.4154,0.8459,0.9774,41004,13360,3535,7733,22109,12520,36326.0,12520,1329,40995,16.0,0.1061501597444089,33.1626182811433
90008,1625.5,168.5,10.366041218086744,78.17999133990999,0.8211252082536841,42.24656027343708,1.3771224350731457,0.6654504134744168,0.8175,0.8386,0.7016,0.9518,0.6327,33076,3129,21047,991,8702,14694,57880.0,14694,4632,33053,17.7,0.3152307064107799,18.23981134357238
90010,159.5,27.5,17.24137931034483,80.91519798410319,1.018756896896669,50.54657912101194,1.373787032634591,0.6700706044299678,0.4673,0.4667,0.0585,0.8414,0.7283,4185,803,230,2775,329,2381,92454.0,2381,394,4185,37.2,0.1654766904661906,9.84468339307049
90011,6908.5,562.5,8.14214373597742,85.88389724983686,1.0856061920073552,47.515493412413576,1.347554876857635,0.8481245841548956,0.9702,0.9982,0.8841,0.9887,0.7306,106042,25646,6092,660,97669,24399,51819.0,24399,6519,105900,5.0,0.2671830812738227,26.982704965956884
90012,1044.0,104.0,9.961685823754788,94.6329785165443,1.3935942132541963,53.5531782119884,1.6252701198731043,0.6794360659005463,0.8801,0.9275,0.2329,0.8181,0.9971,38430,9227,5071,13807,10575,14945,58444.0,14945,957,29197,24.6,0.064034794245567,18.589643507676296
90013,843.0,132.0,15.658362989323845,86.92536641111286,1.467375923572916,59.31217956520964,2.0055089836402344,0.5739860108025685,0.8649,0.9637,0.2706,0.7303,0.9444,14587,4749,4039,2055,3492,7781,24853.0,7781,625,14583,21.4,0.0803238658270145,45.64338109275382
90014,299.0,77.0,25.75250836120401,85.1753016407394,1.4528505382481682,60.60413152329214,2.0723580508116077,0.5994928270700369,0.9187,0.9456,0.5423,0.7331,0.9728,9273,3111,1925,2210,2372,6100,26550.0,6100,212,9255,27.0,0.0347540983606557,35.55483662245228
90015,1189.5,130.5,10.970996216897856,96.98951097122688,1.4002923068016018,54.62096452310155,1.7054120947747835,0.6598021344817125,0.8374,0.9146,0.2225,0.8584,0.9432,25554,8332,2315,5197,13400,12838,61959.0,12838,1107,25545,30.0,0.0862283844835644,25.354151991860373
90016,2437.5,200.5,8.225641025641025,91.2010261030414,0.9613995159258742,46.86813917650528,1.3568896332725688,0.6794165665037005,0.8462,0.8947,0.5927,0.9042,0.7746,47309,14557,13028,2111,25816,17601,63090.0,17601,6403,47255,20.2,0.363786148514289,15.286731911475618
90017,1372.0,142.0,10.349854227405247,92.40433389752609,1.3386196906464125,55.07124843721238,1.6711011583960824,0.7409685844273624,0.9567,0.9608,0.6738,0.8952,0.9676,28754,7518,3699,5062,16444,13564,46626.0,13564,734,28707,21.2,0.0541138307283987,35.598525422549905
90018,2500.5,204.5,8.178364327134572,88.82568206311537,0.981032302403643,46.366413544105626,1.2581099784142236,0.736569989279187,0.9684,0.948,0.8476,0.9275,0.9554,49898,13547,12125,3110,29284,16339,58987.0,16339,5369,49276,15.5,0.3286002815349776,21.744358491322295
90019,2962.5,234.5,7.915611814345993,81.86568455793609,0.9129698476328028,48.01691025186476,1.2940118778354566,0.5706128810670149,0.8924,0.9246,0.4884,0.83,0.938,59410,18118,10624,10302,25847,23576,65972.0,23576,5895,58737,24.3,0.2500424160162877,16.59484935196095
90020,1578.0,156.0,9.88593155893536,74.1557675644689,1.0276018738207084,50.5833802224092,1.3785468080662635,0.6539345122670404,0.8345,0.8977,0.2451,0.8907,0.9345,38400,7372,2718,17402,12925,17321,55321.0,17321,1630,38396,33.2,0.0941054211650597,17.984375
90021,162.5,49.5,30.461538461538463,93.14531493466622,1.464836757400729,53.74265304998215,1.7557393121650515,0.6097075922502416,0.9491,0.9936,0.3841,0.8068,0.9797,2781,785,595,195,1336,1459,29659.0,1459,100,2781,14.1,0.0685400959561343,40.30924128011507
90022,3638.5,271.5,7.46186615363474,90.350617979353,1.136568128170486,49.20399775610315,1.2883233715969975,0.7415665324539422,0.8947,0.9012,0.8824,0.9824,0.6541,64147,19305,339,723,61873,17165,65142.0,17165,5949,64115,7.5,0.3465773376055928,16.561959249848005
90023,2677.0,212.0,7.919312663429212,97.15702719349844,1.3847426584637563,52.21526273159072,1.4924829993343005,0.7930169048110733,0.9766,0.9784,0.949,0.9813,0.7978,44558,11036,462,438,42657,11750,52918.0,11750,3095,44403,7.7,0.2634042553191489,22.806230082140132
90024,1215.0,108.0,8.88888888888889,76.68332144480854,0.8289079029483188,45.98485477558104,1.3430704397278053,0.3926278939661894,0.5994,0.6456,0.0435,0.5178,0.9757,50392,27589,2305,13079,6599,16843,74852.0,16843,5602,50384,36.7,0.3326010805675948,18.98118749007779
90025,2221.0,174.0,7.834308869878432,90.43962711114705,0.9224796341721376,46.282992945693856,1.3981801428563956,0.3474076415095609,0.3585,0.452,0.0608,0.4476,0.6083,44429,27345,1542,10062,5626,22166,103511.0,22166,5486,44168,41.4,0.2474961652982044,11.751333588421977
90026,2775.0,226.0,8.144144144144144,89.861115118177,1.1520903753639884,48.95546397780682,1.3103527626362526,0.5337888894310693,0.8257,0.8585,0.3302,0.7071,0.9606,64769,25707,2449,8411,31425,26230,80549.0,26230,6225,64468,29.8,0.2373236751810903,17.756951628093688
90027,1729.5,139.5,8.065915004336514,80.8028404294422,0.8743152187469406,46.481063733712425,1.1674666348836114,0.3415947208826509,0.6474,0.6766,0.208,0.4125,0.8743,45764,29298,1600,5403,10063,21331,86826.0,21331,4462,45390,38.4,0.2091791289672308,13.49750895900708
90028,890.0,90.5,10.168539325842698,93.24824379089624,1.0682204623041156,48.77388459661526,1.3751705835489303,0.4884886266645608,0.8146,0.9006,0.3175,0.5904,0.9241,30982,15361,2773,4122,8898,17228,57258.0,17228,690,30859,36.2,0.0400510796377989,19.430637144148218
90029,1375.0,151.5,11.01818181818182,89.43308875949096,1.0753323068677445,47.83991747088139,1.2746657566230493,0.594797737348191,0.9374,0.945,0.5295,0.7343,0.993,34649,11885,1094,5615,17692,12836,56529.0,12836,1485,34129,25.9,0.1156902461826114,21.89962192271061
90031,1712.5,151.5,8.846715328467154,90.05962398117569,1.12772702745982,48.08275713317282,1.2793154711161605,0.7366721814432738,0.9456,0.9538,0.7457,0.9229,0.9044,37457,7154,819,10896,22113,11960,59889.0,11960,3921,37063,15.6,0.3278428093645485,17.889847024588196
90032,2139.5,177.5,8.296330918438887,81.38872036987189,0.8800459755416695,45.0765942549835,1.1003595834523023,0.6887389095886771,0.9099,0.855,0.8575,0.9161,0.8679,44881,11735,1256,5670,33540,13427,76608.0,13427,7254,44724,15.9,0.5402547106576302,14.337915821839978
90033,2459.5,210.5,8.558650132140679,89.34922326096658,1.4154895226032749,50.86738984838887,1.5338611549869396,0.813949706389188,0.9977,0.9918,0.9606,0.9739,0.9699,47655,9278,907,2151,43099,13341,50616.0,13341,2632,47193,10.4,0.1972865602278689,26.54286014059385
90034,2669.0,225.0,8.430123641813413,92.7937427876862,1.0829735381111667,47.42494587168396,1.47735695530112,0.4076413101144067,0.4959,0.486,0.0713,0.6164,0.8169,55061,25229,5161,10873,14246,25261,97511.0,25261,5137,54848,37.5,0.2033569534064368,8.868346016236538
90035,2093.5,159.5,7.618820157630762,80.58491901789819,0.8337963342175974,45.693485674766606,1.3146572449219385,0.2687968559466389,0.4614,0.4404,0.1275,0.3314,0.7822,26595,18450,1899,1767,3541,11420,110520.0,11420,3657,26382,37.1,0.3202276707530648,8.084226358338034
90036,2288.5,142.5,6.226786104435219,79.03633210100986,0.8653223465112947,47.42967886042497,1.364364603455972,0.3023454746755842,0.4357,0.5292,0.0498,0.4448,0.7462,37713,22708,2388,7222,5146,19753,97583.0,19753,2915,37569,44.1,0.1475725206297777,10.821202237955081
90037,4017.0,310.0,7.717201891959173,88.7256483799127,1.087985863023316,46.31496742151322,1.3348479240149038,0.8230950066181135,0.9942,0.9778,0.9102,0.979,0.971,69064,18935,10654,901,55159,17571,52238.0,17571,4416,68860,6.5,0.2513232030049513,26.414629908490678
90038,1013.5,106.0,10.458806117414898,93.37697665865107,0.9549317636424568,47.636034307334455,1.2777541797058567,0.5545244929233629,0.8591,0.955,0.1808,0.7054,0.989,27979,11254,1910,1695,14620,12929,57102.0,12929,1026,27978,27.8,0.0793564854203728,18.97137138568212
90039,1319.0,101.0,7.657316148597422,89.71950034892772,0.93065430489,45.93614237458727,1.1471488910180383,0.3867384747532358,0.4825,0.4088,0.248,0.596,0.6199,28244,14131,452,5772,8788,12052,108338.0,12052,5662,27968,37.6,0.4697975439761035,8.90808667327574
90040,667.0,93.5,14.017991004497752,94.33236250176134,1.304099051894832,51.45897437827724,1.3487080174444337,0.7405960653505229,0.9211,0.8357,0.9716,0.9802,0.7248,11839,4095,62,234,11235,3441,62083.0,3441,1838,11811,8.9,0.5341470502760826,15.693893065292677
90041,1134.5,94.5,8.329660643455266,84.09921780009402,0.7688209462659882,42.88446555271682,1.0106410230658067,0.4317967339989364,0.6158,0.3959,0.4786,0.6918,0.8355,28321,11874,574,7148,9902,9875,111938.0,9875,5150,28123,33.6,0.5215189873417722,9.643021079764132
90042,2797.0,223.0,7.972828030032178,70.9834007188755,0.7864881617444849,43.78273894457752,1.0605659459196468,0.601853572525976,0.7696,0.7608,0.4218,0.7813,0.8494,59151,20966,1283,8408,34183,21199,89168.0,21199,9549,58930,26.2,0.4504457757441388,10.564487498098089
90043,2339.5,245.5,10.493695234024363,77.06166396041925,0.8053510571024048,43.7619091697808,1.5224622830121255,0.6501289969337005,0.9018,0.8251,0.8604,0.9445,0.8633,44461,5982,26642,936,11744,17132,63990.0,17132,9093,44177,19.0,0.5307611487275274,16.50885045320618
90044,6247.0,601.0,9.620617896590364,86.65283321614655,1.136672228827246,45.4848866502612,1.461694917281787,0.7908378385614914,0.9936,0.9854,0.9664,0.9864,0.8563,98990,16893,30985,899,65034,27738,48386.0,27738,8441,98889,7.6,0.3043117744610282,26.619860591978988
90045,1908.0,154.0,8.071278825995808,83.9578448757385,0.879493987467338,46.97486035224516,2.366286629889074,0.2977972982956164,0.2579,0.2591,0.0689,0.5195,0.5156,41123,23160,3601,6130,8000,15852,125692.0,15852,7596,41085,37.8,0.4791824375473126,7.805850740461542
90046,1515.5,97.5,6.433520290333224,86.36561231055855,0.8913253773728915,45.4847483747045,1.3623389351082746,0.2646951418898849,0.5532,0.5848,0.164,0.3326,0.7972,48170,34073,2654,3348,7432,28346,87339.0,28346,6110,47874,42.0,0.2155506949834191,11.652480797176667
90047,2778.0,254.0,9.14326853851692,78.05615415222634,0.9261596466219592,43.86676468579073,1.583579356837099,0.6938888439826689,0.8936,0.8368,0.9473,0.9768,0.6866,52200,6904,27004,491,21532,17202,67018.0,17202,9291,52142,12.4,0.5401116149284967,17.340996168582375
90048,1245.0,130.0,10.441767068273093,86.915991536902,0.828607244929003,46.87804752359517,1.4065953920797765,0.2276019239557673,0.3439,0.3637,0.1721,0.2062,0.5603,20411,15644,819,1474,1629,11564,102244.0,11564,3342,20028,43.7,0.2890003459010723,11.297829601685367
90049,1717.0,145.5,8.474082702387886,74.84521855440168,0.6942816032382428,41.270222008516846,1.1101885926033856,0.1617894927191005,0.1181,0.083,0.0927,0.183,0.4473,35819,28337,528,3003,2932,16151,161605.0,16151,8793,35817,40.1,0.5444244938393907,5.653424160361819
90056,323.0,49.5,15.325077399380804,80.79573333941583,0.8363266034730472,43.76967648368373,1.5472225710158476,0.5285812116733218,0.2871,0.1275,0.3911,0.8963,0.3343,8225,1106,5285,361,920,3432,123457.0,3432,1984,8214,34.6,0.578088578088578,7.234042553191489
90057,2451.5,244.5,9.973485621048338,86.95027345335973,1.1588114817915869,51.66795973034088,1.4161588984013604,0.7949180349015302,0.983,0.9731,0.8407,0.9496,0.9745,47142,10477,3173,8414,32128,16986,46513.0,16986,511,46128,17.5,0.0300835982573884,27.009885028212633
90058,278.0,71.5,25.719424460431657,87.54032083454793,1.051855860475301,47.93149039160424,1.3722016845272698,0.8173470181341776,0.8556,0.9135,0.8488,0.8992,0.5597,3049,1333,504,15,2110,1039,34093.0,1039,138,3047,19.4,0.1328200192492781,28.730731387340114
90059,3162.0,272.0,8.60215053763441,88.71015466591311,1.100953940844147,41.8046037351797,1.237928972110237,0.8029466786154507,0.9883,0.9895,0.934,0.9847,0.8667,39471,8303,10320,209,27628,10351,50939.0,10351,4797,39278,7.9,0.4634334846874698,23.523599604773125
90061,1969.5,188.5,9.570957095709572,93.67829191615438,1.1906711674835508,42.458472000054016,1.295852783409587,0.7416960202795284,0.9959,0.9643,0.9757,0.9836,0.9739,28646,6444,7639,240,19869,7666,56837.0,7666,3094,28334,9.1,0.4036003130707018,23.378482161558335
90062,1882.5,192.5,10.225763612217795,78.40608725972162,0.908111977427595,45.11981645954888,1.2426354184845247,0.7529468923137131,0.9111,0.9269,0.8725,0.9671,0.697,33528,7282,9036,772,21555,9802,61422.0,9802,4624,33509,11.3,0.4717404611303815,15.575041756144117
90063,2957.0,223.0,7.541427122083193,82.82140347600975,1.1928197074861402,48.319591107262966,1.2941420475557388,0.761863791483114,0.893,0.917,0.8355,0.9705,0.6744,52008,12495,302,971,48835,13529,69307.0,13529,5028,51985,9.3,0.371646093576761,16.21289032456545
90064,1201.0,108.0,8.992506244796003,91.44937751366572,1.004523445993882,47.53312182369424,1.3926170719162143,0.2929845677747031,0.2591,0.2035,0.1651,0.43,0.4629,25956,16009,619,4902,3737,11414,123929.0,11414,5944,25831,37.4,0.5207639740669353,7.254584681769148
90065,2193.5,146.5,6.67882379758377,81.22510501437806,0.9683562767232116,45.66789231766848,1.1563421823717372,0.5615986311921688,0.7456,0.7228,0.533,0.7286,0.7451,44897,17169,817,6643,23264,16200,88329.0,16200,7704,44830,24.9,0.4755555555555555,13.38619506871283
90066,2647.0,191.0,7.215715904797884,87.75043347530524,0.933647413106273,44.5564611820087,1.513290268675907,0.3847153145398607,0.4842,0.4105,0.1976,0.5269,0.6999,54142,31481,2639,7989,13822,24679,100344.0,24679,9061,53866,35.0,0.3671542607074841,6.953935946215507
90067,137.5,27.5,20.0,89.29429775555835,0.8457156876748169,48.56440230086885,1.536228766738548,0.2091732064482825,0.4181,0.2135,0.701,0.2929,0.5226,2653,1825,61,473,166,1719,125995.0,1719,1120,2653,34.9,0.6515415939499709,6.633999246136449
90068,906.0,71.5,7.891832229580574,81.71651731264498,0.8110038221671085,44.73523274498791,1.0890266559614934,0.230054664506691,0.2959,0.4333,0.0539,0.2476,0.5521,21064,16010,1419,1281,2521,11740,97151.0,11740,5447,21050,40.5,0.46396933560477,10.093049753133307
90069,674.0,66.0,9.792284866468842,85.48900010210369,0.8766029721451095,45.95187453747742,1.4100843122850215,0.2190824437864177,0.2643,0.4164,0.1066,0.1677,0.3893,20045,16365,521,1220,1565,13004,106133.0,13004,5293,20045,44.2,0.40702860658259,10.915440259416313
90071,33.0,0.0,0.0,97.35487106162267,1.427719278662285,60.39796020701492,2.0405308798235677,0.5155445135935227,0.6374,1.0,0.0342,0.8601,0.3233,313,52,87,0,138,8,89110.0,8,8,313,0.0,1.0,85.94249201277955
90077,368.5,49.5,13.432835820895525,63.28405979484964,0.6131202793050692,39.5378620773525,0.9909008029269292,0.1607033692413755,0.1386,0.162,0.42,0.1592,0.1773,7868,6262,180,539,467,3001,203194.0,3001,2560,7868,29.4,0.8530489836721094,4.677173360447382
90089,38.5,5.5,14.285714285714285,99.2932473108986,1.210224512188245,45.58600148044383,1.274469838520902,0.7343016381316982,0.5251,0.6503,0.0098,0.6147,0.9919,4164,1838,409,1091,653,6,89110.0,6,0,4164,45.9,0.0,0.31219980787704127
90094,912.0,89.0,9.758771929824562,95.25626669601095,0.7895946575457873,41.48887394521618,1.6851899715839715,0.321986293160606,0.1135,0.0439,0.0869,0.4459,0.4282,11891,6968,889,2123,1733,5903,156536.0,5903,1773,11820,42.9,0.3003557513128917,5.937263476578925
90201,5436.5,365.5,6.723075508139428,81.32553894649364,0.9235442411479888,45.610184746022334,1.1969903481233433,0.7877135913588864,0.9778,0.9708,0.8192,0.966,0.9594,95134,41638,1598,651,89297,24126,53692.0,24126,5035,94746,6.0,0.2086960126005139,24.123867387054048
90210,785.5,77.0,9.8026734563972,67.42155166388581,0.7363526859105046,43.8988161340016,1.2503697321230849,0.1628803387247712,0.2012,0.1456,0.4838,0.1246,0.3169,19180,15927,320,1101,1145,7893,172285.0,7893,5853,19163,31.0,0.741543139490688,9.092805005213764
90211,441.0,49.5,11.224489795918368,87.91795382796396,0.8168655004058776,46.98348394734284,1.4215248355857186,0.2260569871138033,0.5058,0.538,0.595,0.3479,0.3853,9208,6234,209,1830,765,3784,115025.0,3784,1534,9166,35.0,0.4053911205073995,11.2619461337967
90212,508.5,66.0,12.979351032448378,86.7361207719242,0.7833483173571729,46.71205829067004,1.3837509197180955,0.1924483721408827,0.3807,0.5064,0.2393,0.2697,0.398,10881,8058,188,1394,911,5483,101963.0,5483,1221,10881,38.6,0.2226883093197154,9.576325705357963
90220,3259.5,261.5,8.022702868538119,79.25832228922991,0.9354445585660685,41.08200796710634,1.0337553309878829,0.7224487928330011,0.9626,0.9152,0.9432,0.9819,0.8581,49101,8867,14106,528,32418,13710,69901.0,13710,8531,49090,7.8,0.6222465353756382,19.40286348546873
90221,3717.5,262.5,7.061197041022192,89.92569206245345,0.96518820640013,39.85731461638907,1.006943195177609,0.7775086923121616,0.9363,0.9491,0.865,0.9898,0.7393,52119,10250,9862,517,40890,12588,64439.0,12588,6780,52057,6.6,0.5386081982840801,17.028338993457282
90222,2311.5,216.5,9.36621241617997,81.38461626304834,0.9422299966617308,40.07788689196166,1.0374403316136878,0.7521793210302693,0.9661,0.9474,0.8864,0.9875,0.8899,33021,7485,7908,402,24153,8568,68722.0,8568,4356,32908,8.1,0.5084033613445378,16.368371642288242
90230,1500.5,116.5,7.7640786404531825,89.90096002697322,0.9181745337253756,43.465891511462125,1.5394638152354274,0.3684117868816285,0.4918,0.376,0.2683,0.6187,0.6727,32005,16780,2832,4521,9649,13290,107870.0,13290,7686,31904,31.1,0.5783295711060948,10.876425558506483
90232,791.5,71.5,9.033480732785849,84.20921029735473,0.9305105846758532,45.8416455850675,1.411390872076636,0.3180786519667355,0.3146,0.2842,0.0846,0.5388,0.6199,16352,9182,673,3599,3376,7183,113278.0,7183,3088,16339,35.2,0.4299039398579981,7.87059686888454
90401,294.0,44.0,14.965986394557824,96.70186481680965,0.956196642461013,42.7032408856212,1.2556460520884605,0.3496626486642649,0.5187,0.5942,0.1796,0.2487,0.6941,7480,5517,622,464,550,4789,89892.0,4789,295,7428,46.3,0.0615994988515347,19.318181818181817
90402,419.5,49.5,11.799761620977357,72.96559118153395,0.6245507846197308,37.6690497753216,0.9302043561998516,0.1644637074005537,0.1199,0.052,0.3905,0.2181,0.2416,11816,9274,66,1035,1383,4777,171844.0,4777,3556,11816,33.6,0.7444002512036844,6.922816519972919
90403,1171.5,92.0,7.8531796841656,89.64723929228944,0.7610693719106172,40.40441945766855,1.0783964543693676,0.2187086476895426,0.3035,0.2275,0.1576,0.2578,0.6512,24092,17812,603,1987,2873,13064,123391.0,13064,3584,24028,39.3,0.2743417023882425,10.03237589241242
90404,940.5,90.0,9.569377990430622,95.26120676625392,0.9816836113613062,42.94927107163114,1.2125594328751297,0.410477433706681,0.7023,0.6047,0.4687,0.5728,0.8772,23975,13359,2211,2953,6770,10492,87209.0,10492,2307,23236,36.0,0.219881814715974,13.551616266944736
90405,1158.5,82.5,7.121277514026758,85.6929152762589,0.8211754549262001,41.3461004843282,1.1147776782921182,0.2736380269675522,0.3708,0.414,0.1217,0.3462,0.5562,26981,19424,1352,1916,4383,14000,101713.0,14000,4363,26864,39.3,0.3116428571428571,10.48144990919536
90501,2350.5,192.5,8.189746862369708,84.22272348891472,0.8399357489424825,35.762925600633835,0.9038716285343288,0.5079141796515313,0.7526,0.6971,0.482,0.8062,0.8146,42536,12653,2378,11634,18256,14607,89926.0,14607,6816,42434,26.0,0.4666255904703224,11.402106451006206
90502,827.0,77.0,9.310761789600967,94.6559102114973,1.0575588722862876,36.660857117934086,1.0010094863236498,0.5560497066206086,0.6854,0.5047,0.3621,0.8663,0.9021,18430,4130,1369,7398,6413,6457,95528.0,6457,4475,17653,26.0,0.6930463063342109,9.669017905588714
90503,1948.5,175.5,9.006928406466514,84.11132937604269,0.7110504858023098,34.876999909825635,0.8728910988119488,0.3811511463342153,0.4942,0.2246,0.3615,0.6771,0.7984,44280,16890,1829,18280,6897,17183,117364.0,17183,8779,43589,35.2,0.5109119478554385,5.702348690153569
90504,1429.5,142.5,9.968520461699896,89.43493287601629,0.9191608790744328,37.8841476515157,1.0396556570631568,0.4724902017780889,0.5766,0.3971,0.4902,0.7552,0.664,32965,9923,1150,13577,8090,11654,101773.0,11654,7190,32927,34.0,0.6169555517418912,8.827544365235857
90505,1535.5,122.5,7.977857375447737,78.91943931330776,0.6698863078446488,31.820518760981496,0.7848235690044189,0.3103430670451775,0.4439,0.1351,0.6535,0.6249,0.6362,36214,15675,945,13700,5200,14113,108857.0,14113,7929,35996,37.6,0.5618224332176008,6.058430441265808
90601,1681.5,162.5,9.663990484686291,80.92130629544805,0.8468966748934552,44.09545106134016,1.1009947058636056,0.5315432938737632,0.545,0.5526,0.2827,0.813,0.5087,30667,11727,263,1875,21409,10812,96209.0,10812,6386,30648,19.6,0.5906400295967443,9.097727198617406
90602,1483.5,127.5,8.59453993933266,78.73309275650539,0.8484632195788748,44.20773755720224,1.094171734219457,0.5748021404479933,0.8567,0.7743,0.6292,0.8397,0.956,25949,8303,576,735,19476,7905,63956.0,7905,3098,25742,13.5,0.3919038583175205,12.166172106824925
90603,1002.5,83.5,8.329177057356608,79.78905953958034,0.7694693724326669,42.71032078567061,0.9789260374701412,0.3861665080643915,0.3275,0.1965,0.3036,0.6918,0.449,20883,10689,104,1285,12295,6428,117324.0,6428,5065,20688,20.4,0.7879589296826385,3.964947565005028
90604,2205.0,176.0,7.981859410430839,74.63580351512185,0.7972209942617001,42.751845495734905,0.9992480324536122,0.5306390400368527,0.5263,0.3778,0.376,0.8017,0.6118,39795,15996,480,2944,27492,11667,95570.0,11667,7525,39743,14.4,0.644981571955087,5.782133433848474
90605,2112.0,154.0,7.291666666666667,74.72588514131026,0.8071425474286578,42.7693305425376,1.0135362043736853,0.5485486603261747,0.6064,0.5661,0.4264,0.8663,0.5197,41427,13428,475,2613,31650,10917,94200.0,10917,7365,41406,14.7,0.6746358889804891,8.525840635334443
90606,1749.5,149.5,8.545298656759075,84.22342054485985,0.9586531820965868,44.85615518549008,1.1623475623901325,0.589751729633765,0.7275,0.5936,0.5591,0.9184,0.8019,31717,8692,413,1071,27295,8645,86596.0,8645,6056,31520,12.5,0.7005205320994795,11.88321720213135
90623,610.5,91.0,14.905814905814909,74.37285898764922,0.7843657655551347,37.748848175156326,0.901116948667615,0.4797259298725122,0.4766,0.2965,0.511,0.7779,0.5058,15419,4889,747,7671,3036,5045,110028.0,5045,3374,15414,32.8,0.668780971258672,6.0315195537972635
90630,1969.5,150.5,7.641533384107642,80.67814094213011,0.8192711637633103,37.89355192442283,0.8938960179647638,0.6214128142085191,0.4854,0.317,0.5521,0.6759,0.5098,50170,20565,1671,18729,10210,16137,117610.0,16137,10842,50079,31.2,0.6718720951849786,7.169623280845126
90631,3675.0,242.0,6.585034013605442,58.77215600284106,0.6817800301504888,39.45320096391334,0.9091795851799208,0.3056823844244246,0.7351,0.6018,0.5718,0.7394,0.8696,69064,31491,1396,8711,39120,22289,98009.0,22289,13384,68776,19.7,0.6004755709094172,9.233464612533302
90638,1883.0,172.0,9.134360063728094,75.29313587932621,0.7950030638849587,41.24829214952885,0.9932456414643503,0.4288488690239139,0.5374,0.2643,0.6379,0.7371,0.657,46170,19446,669,10051,21599,14908,104114.0,14908,11360,45867,25.9,0.762006976120204,6.010396361273554
90640,3128.5,236.5,7.559533322678599,84.15564299286659,0.9978108209909576,46.505422694573966,1.2837348475083483,0.6683782872406044,0.924,0.8228,0.9264,0.9405,0.8598,62294,19312,549,8485,48677,19348,72163.0,19348,8982,61859,15.0,0.4642340293570395,12.837512441005556
90650,5305.5,350.5,6.606351898972764,85.5870021767554,0.987675740787326,41.71107097470913,1.0448000575115932,0.6068518336660141,0.776,0.6608,0.6622,0.8992,0.8227,101983,27940,4628,13691,70741,26508,91259.0,26508,17929,100749,15.2,0.6763618530255018,8.9397252483257
90660,3048.5,208.5,6.839429227488929,72.93598268939722,0.9637150710785944,45.24624336856871,1.1860651328685026,0.6284611529108899,0.7661,0.6585,0.5377,0.9569,0.8499,61561,18966,630,2161,55682,16665,82539.0,16665,11477,61133,10.7,0.6886888688868887,9.442666623349199
90670,933.5,104.5,11.194429566148902,89.83775471004907,0.9648341483861236,44.80449541787458,1.0953079291455692,0.5681589628985025,0.683,0.483,0.5406,0.898,0.8001,17556,5434,456,1458,12952,5345,83259.0,5345,3436,17506,15.8,0.642843779232928,9.92822966507177
90701,785.5,94.5,12.030553787396563,78.82069931634182,0.8242115839456124,39.413765016303,0.9445221966994606,0.5466144001904181,0.7994,0.786,0.5267,0.8504,0.8349,16237,3327,676,6831,5732,4484,92702.0,4484,2323,15802,21.7,0.518064228367529,7.119541787275975
90703,1608.0,165.0,10.261194029850747,87.25825796672784,0.8255265828056145,39.22522192930387,0.9393015525049294,0.4992465949035627,0.3339,0.1643,0.6008,0.8816,0.2822,49334,7765,4193,29874,6961,15850,124240.0,15850,11880,49211,35.0,0.7495268138801262,5.158714071431468
90704,185.5,27.5,14.824797843665769,7.952010395156404,0.1951765493826568,16.513215173254228,0.3401203734149048,0.4545676388315383,0.714,0.5357,0.4571,0.5717,0.9791,3822,2903,10,29,2058,1397,89107.0,1397,445,3805,16.2,0.3185397279885469,9.811616954474097
90706,4400.5,295.5,6.715146006135667,81.86009378689145,0.8799449633085691,40.19913868444932,0.9753645155539707,0.58060944736651,0.9228,0.8468,0.8123,0.8742,0.9479,78352,19616,9587,9038,47055,24065,75379.0,24065,9397,77969,14.1,0.3904841055474756,14.053246885848477
90710,1326.5,128.5,9.68714662646061,89.44728148304046,0.8948550410364272,33.33730935430745,0.9174790135778472,0.6273823035874236,0.8713,0.7942,0.7879,0.8351,0.898,27517,8775,3414,5973,12554,9276,75114.0,9276,5022,27488,21.5,0.5413971539456662,12.875676854308246
90712,1816.0,128.0,7.048458149779736,74.15749299655322,0.821464878976867,38.10786614383926,0.8983738385702099,0.407804374424876,0.2784,0.1778,0.2584,0.711,0.3708,31552,12819,3722,5604,11193,10193,119143.0,10193,7532,31512,24.5,0.7389384871970961,4.446627789046653
90713,1475.0,125.0,8.47457627118644,70.82837375687285,0.8031379048568885,37.876125372780976,0.8901771211225037,0.3123881920159354,0.1129,0.1766,0.1686,0.5603,0.1194,28439,15492,1071,4100,8608,9343,123809.0,9343,7906,28423,21.8,0.8461950123086803,5.3412567249200045
90715,1098.0,103.0,9.380692167577411,88.20394094846156,0.8928923458409298,38.02181010730111,0.9284772055189878,0.5723226593582437,0.6655,0.6035,0.5562,0.8476,0.5678,20949,5477,2133,5518,9024,6515,89113.0,6515,3405,20940,21.5,0.5226400613967767,8.635257052842618
90716,867.0,93.5,10.784313725490197,89.49194788605597,0.8495792399735093,37.85194295496861,0.895869335938805,0.7372381067779608,0.8848,0.7971,0.8708,0.9456,0.832,13941,2631,399,1754,10773,3631,73784.0,3631,1709,13941,12.0,0.470669237124759,14.453769456997346
90717,1212.5,82.5,6.804123711340206,87.74755121670958,0.7033153069716596,30.46931667355692,0.787521222725432,0.3920604721102242,0.6754,0.5053,0.584,0.647,0.8291,21788,10875,1076,4097,7314,8327,88111.0,8327,3722,21657,26.2,0.4469797045754773,12.539012300348814
90723,3252.0,230.0,7.072570725707257,83.58181007857283,0.9715823809472874,41.201944406512496,1.02573898218542,0.7056494731009578,0.9322,0.8661,0.8146,0.9569,0.9282,53286,11023,4782,2034,43298,14378,67130.0,14378,5849,52931,9.6,0.4068020587007929,13.207972075216755
90732,935.5,100.0,10.689470871191876,78.22908803195641,0.9252158018792556,28.53691152508371,0.7053348144460928,0.3171985242436316,0.5105,0.324,0.3888,0.528,0.7352,22078,13846,1015,2333,7064,8743,115120.0,8743,6299,21544,30.3,0.7204620839528766,7.142857142857142
90802,1862.0,153.0,8.216970998925886,84.09256942256908,2.0393289420594525,40.21432803245319,1.0060443300749806,0.4959542295254968,0.7363,0.8193,0.2161,0.6623,0.8378,40012,19421,5696,3138,15346,21734,69613.0,21734,4599,39528,26.7,0.2116039385294929,16.200139958012596
90803,1170.0,90.0,7.6923076923076925,78.74956100944,1.0673032173705823,36.63041790123646,0.8868222490238612,0.2499018531980475,0.1889,0.1842,0.0863,0.3382,0.478,31659,23658,1095,2197,5804,17082,107889.0,17082,7500,31544,33.7,0.4390586582367404,6.475251903092327
90813,3438.0,284.0,8.26061663757999,88.81953898254383,1.4821366137351282,39.36702898153313,0.9973467741943052,0.78021193164337,0.9971,0.9848,0.9455,0.911,0.9959,53647,17545,5685,6317,35464,17215,48535.0,17215,2401,53378,11.1,0.1394713912285797,25.377001509870077
90814,897.0,71.5,7.971014492753622,76.96937778802803,1.096971253891931,36.7554334035276,0.8779744686486763,0.3274639704399292,0.4503,0.4632,0.1495,0.4975,0.6072,20723,14091,1704,1294,6396,9267,89776.0,9267,2998,20555,33.3,0.3235135426783209,11.610288085701876
90815,1838.0,141.0,7.671381936887922,88.68977777915185,1.0367931774251102,37.88853744753699,0.9241886808782812,0.270793618993299,0.2883,0.2304,0.1292,0.5048,0.5232,42759,27858,3236,4687,10916,15210,110565.0,15210,9874,42410,32.1,0.6491781722550953,6.878084146027737
91001,1489.0,130.0,8.730691739422431,54.95262019582615,0.3460392043584506,34.44972221262053,0.631625782295277,0.4057411150416127,0.4526,0.3368,0.5811,0.6397,0.4079,36420,16004,7767,2225,10793,12408,129030.0,12408,9822,36326,26.7,0.7915860735009671,7.073036792970895
91006,1360.5,81.0,5.953693495038589,72.62536021605227,0.594360466340708,40.74900462806873,0.8519083619921979,0.4910898397749098,0.3673,0.2474,0.799,0.8068,0.1721,31986,8766,403,17462,6223,10626,123358.0,10626,7630,31985,32.5,0.7180500658761528,8.22234727693366
91007,1796.0,141.0,7.850779510022271,74.22197493965488,0.6214636798632357,41.020171577768174,0.8734404907389764,0.4926497507903105,0.7199,0.462,0.8876,0.7847,0.7358,33367,9400,527,18356,5760,11860,93128.0,11860,5936,32546,32.5,0.5005059021922428,9.173734528126593
91008,99.0,5.5,5.555555555555555,35.40042037635824,0.4481023612524301,37.2901871335346,0.7198840409129958,0.2970330420621385,0.1158,0.2825,0.2491,0.5586,0.0487,744,401,0,279,123,282,139167.0,282,261,744,27.2,0.925531914893617,5.779569892473118
91010,1222.0,109.0,8.919803600654665,73.61626137791053,0.5668816002045289,39.45746857852516,0.7907138326906563,0.5103013112899414,0.7667,0.5953,0.726,0.8006,0.8691,26825,10154,1341,4356,14924,8340,95172.0,8340,5263,26404,21.1,0.6310551558752998,8.022367194780989
91011,553.0,49.5,8.95117540687161,72.20976714481716,0.3899094419861522,34.3153228532768,0.6431172031600267,0.2631364819583239,0.0895,0.0485,0.4954,0.4708,0.0886,20389,11893,218,6256,2004,6455,210532.0,6455,5743,20370,38.0,0.889697908597986,3.2664672127127368
91016,2074.0,158.0,7.618129218900675,80.32749605697019,0.5803593781870086,40.29473069314389,0.8274309351141218,0.4340216671456793,0.5813,0.5029,0.405,0.7178,0.6014,41822,18880,2184,6181,19068,14912,95606.0,14912,7281,41706,26.8,0.4882644849785407,9.631294533977334
91020,398.0,55.0,13.819095477386934,93.81497011197936,0.4809751564749344,35.020953852569754,0.6834994599017565,0.3439426266402837,0.7895,0.7544,0.8326,0.4992,0.7561,7509,4060,111,1973,946,3181,61771.0,3181,790,7362,28.6,0.2483495756051556,15.248368624317484
91024,436.0,55.0,12.614678899082568,55.12968734151916,0.4633044090657185,38.02988935394282,0.7585504019891063,0.2068196855054287,0.1029,0.1076,0.2294,0.4221,0.1645,11151,7500,579,2049,1683,5018,128056.0,5018,2822,11137,31.8,0.5623754483858111,6.133979015334948
91030,994.5,71.5,7.18954248366013,86.93139943289215,0.7620886891966107,43.80036750854287,1.054757045138676,0.348652661154722,0.2064,0.124,0.2213,0.6215,0.3615,26583,11970,988,8824,4828,10274,127882.0,10274,4787,26442,35.2,0.4659334241775355,4.747394951660836
91040,1009.0,95.5,9.464816650148665,71.15904091854412,0.3867517195616933,34.895257814096645,0.6764669886361626,0.3222068372640863,0.6292,0.5474,0.4774,0.387,0.7926,20911,14305,607,2084,4657,7383,103823.0,7383,5335,20667,24.3,0.7226059867262631,6.642436994883076
91042,1349.0,115.0,8.524833209785026,65.53971843968445,0.388686815544331,35.871371864960985,0.7404376069273745,0.3531106400229971,0.769,0.7246,0.7364,0.413,0.8302,27119,17387,518,2492,7153,9974,81324.0,9974,5363,26914,18.8,0.5376980148385803,9.310815295549247
91046,5.5,0.0,0.0,87.01779376385643,0.4062052694247,34.69990198217468,0.6543825534180335,0.2999729193617796,0.5117,0.586,0.7665,0.1524,0.321,141,111,0,30,0,78,89110.0,78,15,141,0.0,0.1923076923076923,0.0
91101,1191.5,105.5,8.854385228703315,91.2638489176623,0.787620878074485,44.06551152356316,1.0937550725883014,0.4578062203381032,0.5959,0.4345,0.3801,0.6555,0.7908,19737,8721,1140,5062,5865,10777,86631.0,10777,1614,19653,32.4,0.1497633849865454,18.984648122815017
91103,1393.0,141.0,10.122038765254846,88.40988591148948,0.637820589974315,39.43790437873167,0.8758913128139086,0.6044231031332901,0.8708,0.8105,0.7149,0.7972,0.9218,27167,8292,4277,3286,13202,8776,78513.0,8776,3981,26414,20.5,0.4536235186873291,18.772775794162037
91104,1737.0,134.0,7.714450201496834,71.79474618069261,0.5723880544366511,40.32030974585579,0.8719961778859218,0.4265880015120146,0.6117,0.5614,0.4855,0.6266,0.602,35918,16292,2357,3585,13969,13260,93856.0,13260,7161,35905,26.5,0.5400452488687782,11.988418063366558
91105,580.5,49.5,8.527131782945736,88.74259239425352,0.7182432944042269,42.739282357563845,1.000409116358947,0.2791492031057972,0.2386,0.0772,0.1981,0.4419,0.5805,12692,7734,290,2194,2093,5647,163253.0,5647,3249,12434,36.3,0.5753497432264919,5.373463599117554
91106,1315.5,108.5,8.247814519194224,87.79741025896688,0.7187987894005083,42.92029689429406,1.0148144377621016,0.4259427776016761,0.4982,0.5485,0.106,0.6448,0.6431,23813,11106,1707,4918,7332,10572,91220.0,10572,3668,23758,31.1,0.3469542186908815,12.808130013018099
91107,1613.0,130.0,8.05951642901426,78.964665665263,0.592998437601046,40.484587730991294,0.8690859837536158,0.3676197641000265,0.3047,0.2497,0.3413,0.6329,0.3355,32581,15515,1484,7924,9324,12675,120822.0,12675,7692,32387,30.6,0.6068639053254438,5.72726435652681
91108,379.0,38.5,10.15831134564644,78.19606551190388,0.6326989745685553,42.20444091838717,0.95473852538073,0.4049640956865175,0.186,0.1398,0.5174,0.7898,0.1136,12559,3172,63,8562,806,4004,173312.0,4004,3298,12559,41.9,0.8236763236763237,9.053268572338562
91201,937.5,103.0,10.986666666666666,75.65662458247152,0.7104685588844736,43.46084289371999,0.9947688470593932,0.3413652192342472,0.7754,0.8111,0.81,0.3003,0.7121,22163,17282,218,1411,4418,8014,67102.0,8014,2569,22016,21.0,0.3205640129772897,12.917926273518928
91202,1058.0,102.0,9.640831758034029,77.39187632450222,0.673562172913108,44.203717812224376,0.987084242027541,0.3077256091210072,0.6585,0.6105,0.7474,0.2657,0.6587,22831,17349,447,2666,3102,8825,90232.0,8825,3688,22728,29.5,0.4179036827195467,11.720905785992729
91203,913.5,72.5,7.936507936507936,93.8401683735309,0.8588998012951056,46.026747271312296,1.1387333613559307,0.3991727809709931,0.6526,0.8269,0.4525,0.4227,0.4484,16679,10731,565,2669,3189,6856,70650.0,6856,1377,16679,28.6,0.2008459743290548,17.97469872294502
91204,785.5,86.5,11.012094207511138,93.64377679476142,0.8422140840079637,46.15069339682891,1.160924530869908,0.5124267240506704,0.8515,0.9035,0.5956,0.5626,0.8998,18445,10858,488,2898,6399,6536,69102.0,6536,462,17987,27.0,0.0706854345165238,14.432095418812688
91205,1623.0,146.0,8.995686999383858,87.49436642229104,0.835076877452174,45.512799155498485,1.1185205953909918,0.4279315455831332,0.8637,0.8836,0.8053,0.4255,0.8795,35755,23691,673,4363,9337,13708,58290.0,13708,2140,35609,24.4,0.156113218558506,19.678366662005313
91206,1509.5,146.5,9.70520039748261,91.9448326875318,0.7854934443484717,42.74258211645064,1.0336644141312203,0.340122737712892,0.7246,0.6719,0.774,0.3195,0.7532,32294,23489,669,4371,4642,12591,85651.0,12591,4509,32050,30.0,0.3581129378127233,13.17272558369976
91207,458.0,49.5,10.807860262008736,86.90706111853001,0.64951141368947,42.936555669697626,0.96294641310764,0.2314064171556571,0.376,0.3117,0.6448,0.1524,0.4056,11091,9077,41,1007,730,3989,106984.0,3989,2289,11091,26.5,0.5738280270744548,9.413037598052474
91208,650.0,49.5,7.615384615384616,83.43268636990159,0.4571537784684294,35.294327278456606,0.6801586905209198,0.2567996264027985,0.3643,0.4012,0.6431,0.3943,0.1993,15377,9708,92,2062,2226,5919,112485.0,5919,3788,15358,34.6,0.6399729684068255,6.607270598946478
91210,88.0,0.0,0.0,93.0177781075362,0.8300015532962002,46.22515794422282,1.1671916283906218,0.4419340953524977,0.2649,0.2889,0.1246,0.3592,0.4392,310,268,0,42,71,164,89110.0,164,30,310,38.0,0.1829268292682926,11.29032258064516
91214,1193.0,120.0,10.05867560771165,74.06802673390668,0.3874765843433913,34.99743865733045,0.6900943434475018,0.2829863941143426,0.3333,0.1942,0.4027,0.5144,0.467,32344,18305,223,8655,5201,10590,126175.0,10590,7737,32266,32.5,0.7305949008498583,4.037843185753154
91301,885.0,93.5,10.564971751412427,61.88207334526126,0.3472026033150798,30.95298942099912,0.6729277723668594,0.1815123071982907,0.1649,0.093,0.3928,0.2844,0.3123,25244,18814,398,1701,4063,8846,157582.0,8846,7088,25131,39.6,0.8012661089758083,4.698146094121376
91302,785.0,66.0,8.40764331210191,52.38878040766252,0.3506934595473506,33.61557031068411,0.6838932543308855,0.1714807695309149,0.2117,0.2585,0.3644,0.1983,0.2317,26318,20384,691,2766,1836,9644,172651.0,9644,6946,26292,36.6,0.7202405640812941,9.107834941864883
91303,1792.0,148.0,8.258928571428571,79.19105032608725,0.5525950594406854,37.99535455866888,0.8614740071413748,0.5655319605465515,0.8053,0.8766,0.3725,0.7575,0.8447,30611,10821,1179,3245,18126,10270,77437.0,10270,2336,30562,17.1,0.227458617332035,17.61784979255823
91304,2632.5,215.5,8.186134852801521,76.6441860503278,0.4772437056047556,37.08887048021721,0.8022042085869533,0.4737898547813469,0.8836,0.7959,0.7312,0.6878,0.9809,54369,23029,2630,8639,23319,18276,79673.0,18276,9273,53950,22.0,0.5073867367038739,12.328716731961228
91306,2322.0,201.0,8.656330749354005,72.92974713268603,0.5362962228029845,38.07654099872254,0.8447732666761526,0.5454452039492134,0.8532,0.8614,0.7103,0.7609,0.8268,49460,16603,1632,9066,24545,14466,82380.0,14466,8155,49352,21.7,0.5637356560210148,18.774767488879903
91307,1001.5,86.5,8.637044433349974,68.94195599741404,0.3684063624824365,35.00041304538164,0.7243079127308297,0.2675250835705739,0.276,0.3374,0.2752,0.4295,0.2636,25368,15477,1148,4522,3899,8527,130877.0,8527,6936,25247,32.5,0.8134162073413862,6.236203090507726
91311,1656.5,136.5,8.240265620283731,76.77441107493773,0.4561792045210338,36.30869687628292,0.7603589247300322,0.3533940659324604,0.5544,0.3404,0.478,0.5802,0.7787,40196,20531,2485,7194,11250,14220,112172.0,14220,9405,39824,28.1,0.6613924050632911,6.095133844163598
91316,1648.0,170.0,10.315533980582524,88.85942634029846,0.7708125504572749,40.387354754990106,1.011936420693413,0.2595432620702082,0.4994,0.4813,0.3789,0.2941,0.5771,28497,21386,677,1906,4274,12625,85354.0,12625,6371,28497,29.2,0.5046336633663366,8.555286521388217
91321,1777.5,146.5,8.241912798874825,70.8399325944569,0.3657491621380641,35.05875261223783,0.6586418883988447,0.4552933700900721,0.7614,0.6,0.6958,0.6782,0.905,34305,16935,727,2684,18443,11068,84503.0,11068,6579,34197,19.3,0.5944163353812794,9.689549628334063
91324,1413.0,139.0,9.83722576079264,64.89553164973441,0.5177130974817148,37.4734703414495,0.8081946352791021,0.4284856661365555,0.7468,0.676,0.5284,0.6878,0.8517,29744,11138,1697,5978,11485,10084,100086.0,10084,4904,29651,27.8,0.4863149543831813,11.646046261430877
91325,1540.5,139.5,9.055501460564752,65.98068714627732,0.5072602250660624,37.95428439893965,0.8420418261730651,0.4281628920575225,0.7444,0.7287,0.5249,0.6499,0.7607,35537,14922,2045,5719,13524,12773,83853.0,12773,5807,35368,28.8,0.4546308619744774,16.911950924388666
91326,1465.0,137.0,9.351535836177474,70.25831301417712,0.4723147681789156,36.51402397945197,0.7611607310620097,0.3409277297626572,0.2099,0.1754,0.4224,0.6006,0.1837,36503,16303,3026,11410,4897,12719,142170.0,12719,9611,36473,32.2,0.755641166758393,6.363860504616059
91331,5749.5,461.5,8.02678493782068,78.12737379271624,0.6124675634351772,39.040236924165896,0.8798488552748738,0.6841807156826951,0.9298,0.8918,0.8511,0.9569,0.861,99804,33934,1902,4574,87853,22995,76942.0,22995,14495,99424,8.5,0.6303544248749728,16.028415694761733
91335,4072.0,307.0,7.539292730844793,69.14365102496606,0.5548432761980896,38.84298451474535,0.8850578830480743,0.5168914557019366,0.886,0.8292,0.7816,0.7309,0.9287,77158,30301,3190,9605,40540,24392,74632.0,24392,11934,76256,19.8,0.4892587733683174,11.898960574405764
91340,1989.5,162.5,8.16788137723046,77.13252898778441,0.5574040752790936,38.315068860673726,0.8448482709835545,0.7028510342608147,0.8082,0.8579,0.6315,0.9671,0.6234,34822,13410,694,929,31842,8685,71664.0,8685,5386,34751,10.0,0.6201496833621186,11.633450117741658
91342,5263.0,420.0,7.980239407182216,74.87091297793465,0.4719736945350166,36.54825820358351,0.7713043310632711,0.6052905453016993,0.8614,0.7474,0.8204,0.8788,0.8812,92580,39830,3511,7151,68855,24927,89264.0,24927,16724,91834,14.7,0.6709190837244755,13.062216461438755
91343,3312.0,272.0,8.212560386473431,80.66672293991668,0.5835929278238837,39.04586625386237,0.8938388389569246,0.5365734179709521,0.9175,0.8567,0.8592,0.8045,0.9195,63193,19707,3179,8564,37511,18045,77790.0,18045,8940,62984,19.1,0.4954280964256026,17.75354865254063
91344,2289.5,192.5,8.407949333915703,74.61735489334815,0.5306077873113264,37.68205516612102,0.8238245817216283,0.384138646627066,0.6164,0.5304,0.5886,0.5768,0.6257,53862,29085,1620,9411,17103,17596,111897.0,17596,12761,53378,25.0,0.7252216412821095,7.218447142698007
91345,967.5,88.0,9.095607235142118,91.8764701278508,0.6795087475885748,38.96482015302192,0.8913263517534957,0.5406913536328023,0.783,0.6211,0.7341,0.8329,0.883,18481,5811,375,1907,12411,5410,93622.0,5410,4062,18166,16.0,0.7508317929759705,7.759320383096152
91350,2233.0,172.0,7.702642185400806,53.85753204459942,0.2816793752050139,34.136314459265336,0.6053075092602622,0.2872484104058339,0.2661,0.1532,0.3326,0.5518,0.3783,42970,24546,1893,5542,13125,13223,137626.0,13223,10796,42815,27.8,0.8164561748468577,6.402141028624622
91351,1785.5,148.5,8.316998039764771,62.11154700183599,0.3162323759537397,34.121754707798594,0.623740742756845,0.4401124327445595,0.6579,0.5398,0.7399,0.6759,0.5852,32677,18131,971,2278,16816,10311,104214.0,10311,7646,32677,18.8,0.7415381631267578,9.465373198274015
91352,2467.0,192.0,7.782732063234699,83.74434389273057,0.6583420068017056,40.59517881332209,0.9968138006146005,0.6142184031388257,0.9053,0.8778,0.8216,0.7949,0.8835,45601,18728,1015,2209,31826,12175,68132.0,12175,6468,45398,11.9,0.5312525667351129,13.170763799039495
91354,1546.0,134.0,8.667529107373868,43.8957051321806,0.2899543423528977,34.25243536912677,0.621129889522598,0.2778826191674875,0.0918,0.1152,0.1506,0.5048,0.1414,33039,19320,1703,6468,6423,10808,145442.0,10808,8567,33029,32.8,0.7926535899333826,4.945670268470596
91355,1387.5,112.5,8.108108108108109,62.72499122237912,0.3524689518570816,35.22198623228594,0.6554821766875629,0.2671135705354031,0.4778,0.355,0.4542,0.4108,0.6095,30289,20332,747,3603,6539,11898,109752.0,11898,7676,30216,32.9,0.6451504454530174,8.884413483442835
91356,1458.5,147.0,10.0788481316421,87.94970475705604,0.7379162812390823,39.95379635372039,0.9972195644845028,0.2947986666700993,0.6094,0.5018,0.602,0.3626,0.7161,30599,20701,1895,2245,5070,11903,105513.0,11903,6842,30428,32.1,0.5748130723347056,9.225791692538971
91361,630.0,77.0,12.22222222222222,39.10190380402068,0.3068211542033359,28.92933618885202,0.6243767351750901,0.1531905016047283,0.1813,0.1684,0.2474,0.2374,0.3418,18753,14471,215,1508,2058,7752,127304.0,7752,5396,18661,33.7,0.696078431372549,6.105689756305658
91362,1331.0,116.0,8.715251690458302,85.64577629135059,0.3954044917366492,30.460117124731887,0.7060679116282764,0.1735812709618649,0.2982,0.2287,0.365,0.3127,0.4264,36770,27677,699,3429,6091,13856,135998.0,13856,9725,36701,30.4,0.7018620092378753,8.433505575197172
91364,1216.0,104.5,8.59375,83.3758464662839,0.5856641937241878,38.3652284881266,0.9025441403812235,0.2225876835472882,0.3982,0.2766,0.3569,0.3552,0.6008,28765,19722,1610,2971,3783,10308,128306.0,10308,6895,28574,32.6,0.6688979433449748,6.751260212063272
91367,2301.0,195.0,8.47457627118644,82.52661351689834,0.6130437992968908,38.46342819205173,0.9101378363656516,0.3083472407729559,0.4965,0.4257,0.3604,0.404,0.6286,44862,29423,3251,5762,6933,18234,106355.0,18234,8925,44849,35.3,0.4894702204672589,11.441754714457671
91381,791.0,82.5,10.429835651074589,59.04441472868674,0.2596476826403511,33.153020003733985,0.5817956353278324,0.3035771449584643,0.3316,0.3491,0.4693,0.5864,0.2265,20864,10542,1161,4974,4110,6817,148873.0,6817,4266,20864,33.9,0.6257884700014669,4.9031825153374236
91384,1164.5,96.5,8.286818376985831,62.26906429844025,0.2200292919059288,31.650978596359774,0.6148853170010176,0.3090730112611298,0.4702,0.383,0.2694,0.6204,0.6107,27652,15078,1343,2392,11465,7103,127416.0,7103,6032,23478,22.6,0.8492186400112628,3.4644871980326917
91387,2489.5,201.5,8.093994778067886,82.84294106208523,0.3881198001002579,34.023129094717305,0.6387957798819777,0.4434996823795021,0.548,0.4889,0.4739,0.6555,0.5174,46812,23878,3451,4581,20317,14036,111090.0,14036,9012,46806,23.6,0.6420632658877173,10.249508672989831
91390,762.0,71.5,9.383202099737533,29.431663540879992,0.2124410436159618,31.51085022474666,0.5319941405182881,0.235029743892295,0.1444,0.1064,0.2387,0.3785,0.3117,18930,13000,413,1028,5021,6194,145465.0,6194,5412,18835,27.4,0.8737487891507911,5.272054939249868
91401,2031.5,144.5,7.112970711297072,72.7592928711677,0.6713201200806261,42.917723434595175,1.0557687833918663,0.4539422160972745,0.7877,0.8655,0.4745,0.6034,0.8065,39179,20402,2122,1885,17301,14963,72476.0,14963,5073,39158,25.1,0.3390362895141349,17.348579596212257
91402,3907.0,345.0,8.830304581520348,73.22338795823549,0.6111234800078933,40.7666788202387,0.97817909773954,0.687264184467358,0.9801,0.9725,0.9235,0.9008,0.9085,67937,12486,2196,10311,47590,20036,55130.0,20036,7194,67532,15.1,0.3590537033339988,19.086801006815136
91403,1463.0,135.5,9.26179084073821,93.45735075946487,0.8933472700757047,43.47546448090147,1.1603736205659914,0.2298941992858332,0.314,0.3924,0.1251,0.3541,0.4519,25887,17965,1566,2108,4288,11923,107970.0,11923,5000,25887,37.9,0.4193575442422209,7.582956696411326
91405,3179.5,253.5,7.972951721968863,71.2668088966387,0.6424361901830707,41.62533140064497,1.0431093096626722,0.6435906725265481,0.9515,0.9444,0.7764,0.7705,0.9623,55451,20437,2371,4985,33815,18370,58365.0,18370,4943,55140,19.3,0.2690800217746325,19.653387675605487
91406,2936.0,229.0,7.799727520435967,85.52884891536307,0.6730580593929516,41.52230350364591,1.0877837468357294,0.5690094218228458,0.8608,0.8801,0.7486,0.7394,0.792,53276,20578,2348,3961,30707,18792,71819.0,18792,7367,53211,18.1,0.3920285227756492,16.81620241759892
91411,1385.5,137.5,9.924215084806928,81.32541519976077,0.7015713478075895,42.13634079862384,1.084656358383124,0.4830869894866494,0.8327,0.8865,0.4629,0.681,0.8876,23689,10923,1721,2100,11299,9218,73669.0,9218,2735,23410,27.2,0.2967021045779995,17.15142049052303
91423,1573.5,133.5,8.484270734032412,87.76854543433926,0.8074471426114458,43.492890782554944,1.113497292716598,0.2440314126070571,0.3029,0.4982,0.0991,0.3048,0.3772,31787,23195,1580,1732,4413,14902,104205.0,14902,5652,31673,40.1,0.3792779492685545,7.830245068738792
91436,711.0,77.0,10.829817158931084,74.9532654987046,0.66197965634688,41.14568858605168,0.9976832908076112,0.1525813145079427,0.1766,0.1637,0.3662,0.128,0.2903,16190,13569,338,729,1254,5965,155346.0,5965,4624,16137,34.8,0.7751886001676446,6.454601605929586
91501,936.5,100.5,10.731446876668446,69.79367280956225,0.6222056580092358,40.44766801677347,0.9806278817932804,0.2875415031813597,0.6222,0.6082,0.7184,0.3127,0.5249,18951,13912,317,1652,3156,7731,80198.0,7731,2925,18945,28.6,0.3783469150174621,12.25265157511477
91502,532.5,77.0,14.460093896713616,87.18601794969904,0.7514600718514137,42.99518537181288,1.0703418743634046,0.4307428136325371,0.738,0.6175,0.847,0.5348,0.7329,12312,7519,542,1720,3520,5585,59711.0,5585,537,12278,26.0,0.0961504028648164,13.247238466536713
91504,1215.5,97.5,8.02139037433155,77.60400222436495,0.5984028358867733,39.28400394876601,0.964965651668118,0.3326581463131317,0.6287,0.5199,0.6547,0.4646,0.6761,27479,17001,1269,3422,6322,10224,99318.0,10224,5639,27424,27.9,0.5515453834115805,11.415990392663488
91505,1304.0,117.0,8.97239263803681,90.97045802409282,0.6559913026673126,42.51324340392435,0.991904130762584,0.3067890517736195,0.3784,0.3819,0.1906,0.4833,0.4954,32156,19706,978,3288,8968,13017,104361.0,13017,5970,32142,31.0,0.4586310209725743,8.81950491354646
91506,736.5,88.0,11.948404616429055,84.64045181930939,0.6396628110382753,42.3453614083022,0.9803654124326432,0.3177072257611151,0.3801,0.2789,0.3024,0.451,0.5481,19559,12479,234,2934,4983,8103,104009.0,8103,4698,19274,35.3,0.5797852647167716,7.919627792831944
91601,1777.5,143.5,8.073136427566807,82.89314372962747,0.7542153646098979,45.02090486546573,1.091002059490667,0.448467009842163,0.7094,0.8175,0.1895,0.5688,0.8111,35615,20086,3479,3165,11778,17625,73735.0,17625,2999,35549,38.8,0.1701560283687943,17.088305489260144
91602,911.5,84.0,9.215578716401536,97.4891476857497,0.9277311876724296,45.47366830513256,1.1478055679160184,0.2713881445467122,0.2947,0.5023,0.0649,0.404,0.3841,19980,12643,1433,1918,3709,10057,93210.0,10057,3247,19980,39.7,0.3228596997116436,8.363363363363362
91604,1514.0,125.0,8.256274768824307,84.9334463745865,0.8585841358037865,45.38798023977371,1.1208651972787904,0.2095202551960902,0.3357,0.3883,0.1049,0.2895,0.5857,32073,23363,1366,2765,3817,14449,132494.0,14449,6356,31778,39.4,0.4398920340507993,6.734636610232907
91605,2853.0,250.0,8.762705923589206,79.91765482217251,0.6851975542857536,42.31825000089267,1.056087880535247,0.586173456054154,0.9398,0.9497,0.6999,0.7343,0.9519,51654,22682,1050,4375,31259,16145,61031.0,16145,6347,51347,15.9,0.3931248064416228,17.535912030046074
91606,2125.5,151.5,7.127734650670431,79.1429106628904,0.656489306822779,43.96644411928071,1.081716730818892,0.5036374270295765,0.8766,0.9041,0.613,0.6714,0.9206,43552,22253,2182,1720,23367,15339,64976.0,15339,5204,43333,18.9,0.339265923463068,18.462986774430565
91607,1579.5,118.5,7.502374169040836,87.63362093679308,0.7757338055768668,45.10635419962371,1.0937678090728338,0.2964087064884337,0.6749,0.6725,0.3824,0.4476,0.8024,30734,18441,2177,2513,7152,13751,82995.0,13751,4237,30382,34.2,0.3081230455966838,12.40645539142318
91608,5.5,0.0,0.0,78.9738863740602,0.7693252743769275,40.75333654504818,1.0528512174254196,0.4904840959252472,0.0135,0.0994,0.0,0.4119,0.0939,56,56,0,0,23,41,56898.0,41,0,56,69.6,0.0,0.0
91702,3416.0,250.0,7.318501170960187,85.86404406923123,0.6206778652493574,39.71486092444505,0.7816767968892524,0.6284534567033058,0.8158,0.7497,0.4432,0.8691,0.9473,62196,23796,1723,8219,42607,16947,82382.0,16947,9913,61902,15.7,0.584941287543518,11.319055887838445
91706,4103.0,338.0,8.237874725810384,79.46726011075718,0.7951498722698057,43.19556634488539,0.9666210458639736,0.6908621299780823,0.8509,0.8544,0.7706,0.966,0.6993,72495,19364,733,15928,52858,18343,76348.0,18343,10943,72134,11.5,0.5965763506514746,13.585764535485206
91709,3700.0,265.0,7.162162162162162,84.82729611781153,0.7937875402643503,41.52728326840205,0.9699053668564572,0.4857475735165239,0.3725,0.3556,0.2775,0.77,0.3534,78341,25785,3232,31309,22495,25192,117603.0,25192,17767,78198,32.1,0.7052635757383297,7.1456836139441675
91711,1142.0,101.0,8.84413309982487,81.69818440294617,0.6776880402194762,39.51810323902126,0.8591837453062459,0.3259482615408372,0.3754,0.2222,0.3268,0.5365,0.5585,37542,21119,1982,5689,9368,12893,115079.0,12893,8434,37222,27.6,0.6541534165826417,5.1036172819775185
91722,1870.0,167.0,8.930481283422461,78.1221368352215,0.7276425091808648,42.01939837152241,0.9329240707333586,0.5328739641001112,0.6807,0.5164,0.6964,0.8635,0.6419,34470,12857,1207,5584,21897,10024,95157.0,10024,6755,34397,16.3,0.6738826815642458,6.533217290397447
91723,1047.5,113.0,10.787589498806682,84.29545819639317,0.6995319220527666,42.00352205069072,0.9223463319198172,0.5332603044061338,0.7287,0.6743,0.5539,0.8181,0.7173,17964,7814,864,1780,11656,6164,82018.0,6164,2395,17749,16.2,0.3885463984425698,9.930973057225561
91724,1298.5,123.5,9.510974201001156,81.63700932344614,0.6724106453353763,41.19482805847348,0.8849777961737793,0.4831283317436306,0.5778,0.4585,0.5064,0.7943,0.5446,28575,11638,1495,4244,15800,9052,96720.0,9052,6254,28533,23.4,0.6908970393283252,8.745406824146981
91731,1518.0,137.0,9.025032938076416,78.69355255994596,0.8279304974187552,44.25862765478748,1.0192923938896123,0.7460903267554193,0.9965,0.9573,0.9705,0.9569,0.9965,28201,6541,115,8170,18305,8370,57047.0,8370,2856,28020,11.4,0.3412186379928315,17.04194886706145
91732,3291.0,238.0,7.231844424187177,73.00460951475313,0.8439659630914702,43.96065378388943,0.999906855844812,0.7323248038072421,0.9556,0.893,0.8505,0.9694,0.9496,58888,13272,469,16987,38865,15614,62047.0,15614,6776,58358,11.1,0.4339695145382349,16.240999864148893
91733,2367.5,199.5,8.426610348468849,78.0898517432383,0.9315909137347514,45.24591044362789,1.0885648036887874,0.7609436515883046,0.9602,0.9556,0.7758,0.9807,0.9299,42953,8922,323,10224,31063,10952,63883.0,10952,4750,42764,8.5,0.4337107377647918,19.111587083556444
91740,1256.0,0.0,0.0,86.02162981063628,0.6024401563690784,38.72385221754425,0.7969183758282342,0.3933804631349845,0.6725,0.4064,0.8158,0.6686,0.7578,27131,14066,619,2613,13473,8393,96433.0,8393,5479,26386,20.7,0.6528059096866436,8.484759131620654
91741,1085.0,0.0,0.0,60.10107821091309,0.4409320563306549,35.78128100404729,0.6888468312181975,0.3115231592472706,0.2532,0.2164,0.2885,0.5071,0.3163,26052,15932,667,3473,7759,8703,117252.0,8703,6227,26002,25.5,0.7155004021601746,5.370029172424382
91744,4716.0,0.0,0.0,70.35091758516292,0.7289991591230325,43.12991576182508,0.993404031454956,0.6736407851023594,0.7883,0.7357,0.7688,0.9615,0.6309,79380,22037,949,10713,63777,18445,86290.0,18445,12685,79289,9.6,0.6877202493900786,10.207860922146637
91745,2577.0,0.0,0.0,78.5604711444727,0.7299665096456468,42.202692874648335,0.9805080085648658,0.5422773077597252,0.5836,0.4573,0.544,0.8827,0.5116,55489,14803,470,23101,23969,16388,101427.0,16388,12369,55422,24.1,0.75475958018062,10.562453819675973
91746,1643.0,0.0,0.0,74.48661221053992,0.7940347690672246,43.70364949520816,1.0238589970738132,0.6536478688095414,0.7977,0.7883,0.6727,0.9756,0.6738,29429,8065,604,3307,24709,7139,83634.0,7139,5352,29429,10.8,0.7496848298080964,11.746916307044073
91748,3772.0,0.0,0.0,69.6391514262627,0.725385288421932,42.245849590502665,0.9879704980815646,0.5987464288629479,0.7216,0.6462,0.6176,0.9428,0.6228,43851,5482,432,26211,13459,13654,83610.0,13654,8786,43786,26.5,0.6434744397246228,9.90855396684226
91750,1242.0,0.0,0.0,75.7526163617625,0.5709767221958948,38.23728326486808,0.7999485975054025,0.3499134720029967,0.5684,0.2901,0.7265,0.5671,0.719,33436,19610,1450,3632,12097,12316,103774.0,12316,8438,33200,25.9,0.6851250405975966,8.042229931810025
91754,2275.0,0.0,0.0,77.84453492559811,0.9834070083718504,46.47461326723125,1.1429058975273456,0.6475969411984511,0.7053,0.569,0.6981,0.9484,0.613,33937,4941,472,20425,10553,11919,83490.0,11919,6496,33840,25.6,0.5450121654501217,11.75118602115685
91755,1281.0,0.0,0.0,78.06354528647896,0.9430234604294998,45.83750520308596,1.1142465923617495,0.6720446368763222,0.8304,0.7444,0.7358,0.9564,0.8059,26418,2939,141,18715,5816,8466,70459.0,8466,3804,26193,21.2,0.4493267186392629,12.154591566356272
91765,2151.0,0.0,0.0,71.73685145912683,0.7157820662371893,40.327143458922905,0.9133878336638922,0.4857711235521836,0.4064,0.3538,0.5041,0.855,0.2607,45303,9824,1790,26454,8457,15081,105712.0,15081,11633,45233,33.7,0.771367946422651,9.657197095115114
91766,4205.0,0.0,0.0,80.43980254464172,0.7281559189011343,41.05748105963824,0.9141980217724108,0.6690840581665852,0.8895,0.8398,0.7752,0.9337,0.8685,69517,18534,3489,9319,50607,19218,72692.0,19218,10158,69202,13.2,0.5285669684670621,14.241120876907805
91767,3048.0,0.0,0.0,83.22585539230418,0.6391398526970373,40.26361571084992,0.8530199463224444,0.6326389803424088,0.9199,0.7988,0.8413,0.8793,0.9652,50715,15722,3116,4439,35264,14736,75870.0,14736,8129,50246,13.6,0.55164223669924,14.66035689638174
91768,1933.0,0.0,0.0,89.88944779122892,0.6906217920998884,40.45233461915696,0.8757926774461219,0.6906115112921642,0.9561,0.9,0.7375,0.8725,0.9902,35443,10585,1361,2596,26300,8407,71462.0,8407,4621,34626,8.8,0.5496609967883906,13.548514516265552
91770,2616.0,0.0,0.0,84.14766823463165,0.9034983838732158,44.814625713309184,1.0798186730493502,0.693188310638017,0.7719,0.7064,0.6124,0.9603,0.7381,59410,5294,374,37978,17870,16458,70863.0,16458,8482,58899,18.6,0.5153724632397618,11.600740616057903
91773,1475.5,116.5,7.895628600474415,77.67359884943497,0.598359700343303,39.82241252164262,0.8335648695526513,0.3716622343163204,0.5848,0.4152,0.5585,0.6164,0.6784,34066,18242,1100,5433,12306,11910,101466.0,11910,8410,33844,22.9,0.7061293031066331,9.237949862032526
91775,1115.0,104.5,9.37219730941704,81.20333194076004,0.6768136061937092,42.26972662863725,0.9450853822249632,0.4878086801874655,0.5602,0.4491,0.5243,0.8091,0.507,24169,6288,350,12624,5882,8245,107359.0,8245,5396,23928,32.0,0.6544572468162523,11.523025363068394
91776,1830.0,147.0,8.032786885245901,83.77712310076087,0.7970072791929413,44.409269853007615,1.050077918239198,0.6602003819696662,0.7807,0.7532,0.566,0.9348,0.7457,37340,4961,381,22809,10519,11437,77147.0,11437,4850,36897,22.0,0.4240622540876104,13.385109801821105
91780,1824.5,150.0,8.22143052891203,71.29313576860069,0.6481109268448991,41.89702176690295,0.9086827681332748,0.5631826283863856,0.6023,0.5082,0.781,0.8708,0.3633,35556,6820,177,23278,6552,11617,94946.0,11617,7033,35393,27.6,0.6054058707067229,9.826752165597929
91789,1875.5,134.5,7.171420954412157,57.53137359967429,0.6740035491608436,41.62846519599047,0.9283965153750832,0.5343381200227373,0.362,0.245,0.5342,0.9054,0.263,41377,6742,995,27014,7966,12698,123555.0,12698,10412,41328,36.1,0.8199716490785951,7.216569591802209
91790,2214.0,149.0,6.729900632339657,84.29775241367862,0.7844224350933802,42.77354357292952,0.9882124656514356,0.5768599413925304,0.7199,0.5538,0.7567,0.8907,0.6918,44855,12539,1194,9743,27841,12735,97868.0,12735,8039,44403,16.3,0.6312524538672949,8.768253260506075
91791,1671.5,150.5,9.003888722704158,75.69968571535898,0.7284955627240629,42.26389171499748,0.9601798788598276,0.5275560638098465,0.6977,0.5655,0.7097,0.8652,0.617,33902,9956,1183,9957,17130,10793,96470.0,10793,7213,33891,23.4,0.6683035300657834,8.306294613887086
91792,1451.0,140.0,9.648518263266713,61.04739339813902,0.6728542765192642,42.86122981061904,0.9767517004847702,0.6059120710914908,0.6877,0.5251,0.6367,0.9467,0.6692,31208,5445,2439,13160,13199,9256,94439.0,9256,5318,31167,24.9,0.5745462402765773,11.89438605485773
91801,2416.5,193.5,8.007448789571695,82.97343267567967,0.8153032937492899,44.89325363991138,1.0813613656676588,0.6355335082705943,0.7316,0.6099,0.6031,0.9082,0.7439,53320,8975,1448,27998,17464,19985,81580.0,19985,7391,52794,26.0,0.3698273705278959,10.718304576144035
91803,1270.5,125.0,9.838646202282566,88.21272920594042,1.0496975237902906,46.45399363796636,1.1914756969002724,0.6195614766151035,0.7117,0.6316,0.6941,0.928,0.5608,29006,5155,577,14206,11412,10100,76694.0,10100,4933,28939,24.6,0.4884158415841584,15.545059642832518
92397,323.0,55.0,17.027863777089784,7.592926241416902,0.1208685750724342,22.606893135317776,0.3108939522450252,0.3510464934428542,0.2088,0.2936,0.5435,0.1615,0.1437,5059,4313,26,210,688,2319,77171.0,2319,1867,5059,24.0,0.8050884001724882,14.19252816762206
93532,148.0,27.5,18.58108108108108,44.17038446935047,0.1007092593995918,27.993850903975577,0.4957424266288006,0.38271252535504,0.4316,0.4661,0.3963,0.3093,0.4166,2768,2038,71,75,628,982,98788.0,982,783,2685,13.1,0.7973523421588594,4.2991329479768785
93535,5709.5,547.5,9.589281022856644,52.02611333887905,0.2499194683347491,27.959163637474152,0.6044338482824507,0.6542909134183725,0.8292,0.8035,0.8105,0.8164,0.7138,80905,31173,17479,2056,43184,22857,61183.0,22857,14666,80832,9.6,0.6416415102594392,18.61689635992831
93536,4025.5,349.5,8.68215128555459,48.5440476843061,0.1928794241776473,26.760634939340964,0.5233335934698257,0.3888637886461884,0.5228,0.4526,0.4809,0.6142,0.5012,72131,38929,9490,3952,26693,22872,97418.0,22872,15559,68215,15.5,0.6802640783490731,11.742524018799129
93543,831.5,101.0,12.146722790138304,31.76122511490661,0.0851503932848338,22.980586977558332,0.3302335412698641,0.6258811652457116,0.6795,0.8737,0.6141,0.7853,0.2445,12745,5318,139,173,9458,3512,69727.0,3512,2456,12745,6.1,0.6993166287015945,17.261671243624953
93544,115.5,22.0,19.047619047619047,27.61561297113676,0.0737950477540616,20.97799925981401,0.2732303862555317,0.4586907014019708,0.5895,0.8345,0.259,0.4391,0.3824,1427,981,0,0,629,545,80560.0,545,455,1427,3.2,0.8348623853211009,20.672740014015417
93550,5526.0,462.0,8.360477741585234,57.14577944449961,0.212690366178006,26.621536258576896,0.4856413427625966,0.7113236156834871,0.9497,0.931,0.9409,0.8839,0.7932,81501,24716,11693,2036,56125,22916,61394.0,22916,12270,81390,6.6,0.5354337580729621,19.57644691476178
93551,2815.5,241.5,8.577517314864144,49.177988278999365,0.1746683052821826,26.503999230454635,0.4906780539183121,0.4192916105620176,0.4041,0.3591,0.5817,0.6606,0.274,54478,26650,4646,5291,23710,16966,107133.0,16966,13292,54415,18.1,0.7834492514440646,6.4998715077646025
93552,2391.5,238.5,9.972820405603178,49.69823115128572,0.1792989646521955,26.136456698642625,0.4561094623777262,0.6408071827735323,0.7649,0.7304,0.8778,0.8895,0.4849,43371,14737,4872,1109,31375,10826,85890.0,10826,8192,43371,10.9,0.7566968409384814,12.667450600631758
93553,137.5,33.0,24.0,27.64748404282965,0.0742451961743475,20.9730163005321,0.272993158027732,0.4564020521826274,0.3573,0.3509,0.1443,0.2198,0.6518,1136,932,10,0,223,559,71587.0,559,497,1136,37.0,0.889087656529517,18.133802816901408
93563,11.0,0.0,0.0,14.35191047755754,0.1050630638642161,22.04616623279077,0.2978492127976995,0.3859620390028953,0.231,0.0637,0.1356,0.6011,0.6147,222,132,53,0,52,41,89110.0,41,31,150,32.8,0.7560975609756098,0.0
93591,475.5,66.0,13.8801261829653,15.01068054654448,0.0941865415405274,23.96481613301018,0.3562402076057334,0.6216629753283723,0.6825,0.7006,0.9253,0.8261,0.2358,7340,3119,221,165,5206,1991,57826.0,1991,1415,7329,5.1,0.7106981416373681,11.14441416893733
