ZIP_Code_of_Residence,Total_Births_2018_2022,Total_LBW_Count_2018_2022,LBW_Rate,Births_Bachelor's_Degree,Births_Graduate_Degree,Births_High_School_Graduate_or_GED_Completed,Births_No_High_School_Diploma,"Births_Some_College_Credit,_No_4-Year_Degree",Births_Unknown,Births_15_years_and_under,Births_16___17_years,Births_18___19_years,Births_20___24_years,Births_25___29_years,Births_30___34_years,Births_35___39_years,Births_40___44_years,Births_45___49_years,Births_50_years_and_over/Unknown,Births_First_Trimester,Births_No_Prenatal_Care,Births_Second_Trimester,Births_Third_Trimester,Births_Unknown_Not_Reported
90001,3936.0,308.0,7.825203252032519,197.0,34.0,1494.0,1238.0,902.0,73.0,22.0,83.0,193.0,893.0,1134.0,948.0,536.0,139.0,27.5,0.0,3171.0,52.5,552.0,138.0,27.5
90002,3839.5,324.5,8.451621304857403,203.0,35.0,1517.0,1099.0,902.0,81.5,22.0,70.5,192.0,919.0,1135.0,883.0,481.0,143.0,22.0,5.5,3118.0,33.0,533.0,115.0,27.5
90003,5583.5,439.5,7.871406823676905,231.0,62.5,1993.0,1976.0,1216.0,108.0,27.5,101.0,306.0,1430.0,1602.0,1205.0,723.0,201.0,27.5,0.0,4418.0,79.0,822.0,206.0,59.0
90004,2642.0,211.0,7.986373959121877,585.0,329.0,609.0,525.0,507.0,59.5,22.0,27.5,57.5,336.0,546.0,791.0,618.0,215.0,27.5,16.5,2078.0,27.5,307.0,180.0,27.5
90005,1537.0,140.0,9.108653220559532,278.0,135.0,336.0,398.0,320.0,35.0,16.5,27.5,35.0,215.0,362.0,442.0,320.0,102.0,22.0,5.5,1235.0,27.5,200.0,27.5,27.5
90006,2755.5,211.5,7.675557974959172,307.0,99.0,750.0,976.0,552.0,51.0,22.0,41.0,106.0,519.0,713.0,719.0,473.0,158.0,11.0,5.5,2173.0,27.5,396.0,129.0,27.5
90007,1275.5,123.5,9.682477459819678,143.0,91.0,351.0,329.0,301.0,41.5,5.5,27.5,38.0,216.0,369.0,338.0,210.0,56.5,0.0,0.0,989.0,27.5,169.0,52.0,27.5
90008,1625.5,168.5,10.366041218086744,278.0,210.0,435.0,225.0,418.0,48.0,11.0,27.5,44.0,247.0,358.0,458.0,374.0,99.0,27.5,5.5,1279.0,27.5,188.0,53.0,67.5
90009,11.0,0.0,0.0,0.0,0.0,5.5,5.5,5.5,0.0,0.0,0.0,0.0,0.0,0.0,5.5,11.0,0.0,0.0,0.0,11.0,0.0,0.0,0.0,5.5
90010,159.5,27.5,17.24137931034483,46.5,27.5,27.5,0.0,34.0,11.0,0.0,0.0,0.0,27.5,27.5,37.0,46.0,27.5,5.5,5.5,117.0,5.5,22.0,11.0,0.0
90011,6908.5,562.5,8.14214373597742,324.0,78.0,2170.0,2781.0,1474.0,96.0,27.5,112.0,332.0,1620.0,1970.0,1607.0,961.0,288.0,27.5,0.0,5401.0,67.5,1103.0,302.0,40.5
90012,1044.0,104.0,9.961685823754788,299.0,201.0,188.0,86.0,219.0,33.0,0.0,11.0,27.5,83.5,233.0,371.0,234.0,66.5,16.5,11.0,867.0,11.0,93.0,47.0,27.5
90013,843.0,132.0,15.658362989323845,105.0,79.5,50.0,40.5,64.0,27.5,0.0,0.0,5.5,34.0,97.0,120.0,95.5,27.5,11.0,0.0,302.0,22.0,27.5,27.5,27.5
90014,299.0,77.0,25.75250836120401,75.5,49.0,27.5,27.5,67.0,27.5,0.0,0.0,11.0,27.5,47.5,101.0,56.0,22.0,0.0,5.5,205.0,11.0,27.5,22.0,22.0
90015,1189.5,130.5,10.970996216897856,241.0,155.0,218.0,314.0,196.0,33.0,16.5,27.5,40.5,168.0,259.0,354.0,265.0,60.5,5.5,5.5,936.0,22.0,152.0,42.5,27.5
90016,2437.5,200.5,8.225641025641025,452.0,278.0,611.0,379.0,630.0,82.5,5.5,27.5,48.5,362.0,558.0,705.0,584.0,140.0,27.5,0.0,1992.0,27.5,282.0,66.0,76.5
90017,1372.0,142.0,10.349854227405247,180.0,139.0,251.0,526.0,225.0,27.5,22.0,27.5,44.5,191.0,336.0,393.0,279.0,75.5,11.0,0.0,1081.0,27.5,175.0,58.0,27.5
90018,2500.5,204.5,8.178364327134572,340.0,204.0,694.0,577.0,610.0,55.0,16.5,27.5,72.0,375.0,646.0,730.0,492.0,134.0,27.5,11.0,2011.0,27.5,321.0,77.5,47.5
90019,2962.5,234.5,7.915611814345993,748.0,442.0,575.0,502.0,603.0,67.5,5.5,27.5,60.5,350.0,586.0,876.0,799.0,236.0,27.5,5.5,2475.0,27.5,305.0,103.0,40.5
90020,1578.0,156.0,9.88593155893536,411.0,180.0,364.0,221.0,323.0,39.0,0.0,16.5,27.5,169.0,374.0,514.0,346.0,95.0,11.0,5.5,1263.0,22.0,188.0,64.0,27.5
90021,162.5,49.5,30.461538461538463,27.5,16.5,22.0,27.5,27.5,5.5,0.0,0.0,11.0,27.5,27.5,27.5,27.5,22.0,0.0,0.0,76.5,11.0,27.5,16.5,11.0
90022,3638.5,271.5,7.46186615363474,302.0,122.0,1500.0,685.0,985.0,27.5,22.0,44.5,122.0,741.0,1114.0,895.0,559.0,156.0,22.0,0.0,3159.0,27.5,340.0,94.0,27.5
90023,2677.0,212.0,7.919312663429212,198.0,48.0,1127.0,614.0,644.0,35.0,16.5,41.5,106.5,561.0,788.0,624.0,426.0,116.0,16.5,11.0,2288.0,33.0,282.0,46.0,27.5
90024,1215.0,108.0,8.88888888888889,421.0,579.0,35.0,16.5,85.0,74.0,0.0,0.0,5.5,27.5,151.0,515.0,388.0,102.0,27.5,16.5,1121.0,11.0,36.0,27.5,27.5
90025,2221.0,174.0,7.834308869878432,771.0,936.0,103.0,35.0,162.0,186.0,0.0,5.5,27.5,50.5,242.0,906.0,782.0,169.0,27.5,11.0,2018.0,22.0,80.5,27.5,67.0
90026,2775.0,226.0,8.144144144144144,632.0,442.0,549.0,514.0,562.0,66.0,22.0,42.5,91.0,332.0,514.0,816.0,717.0,229.0,27.5,5.5,2291.0,27.5,349.0,67.0,37.0
90027,1729.5,139.5,8.065915004336514,634.0,496.0,181.0,68.5,244.0,67.5,0.0,16.5,11.0,68.0,207.0,591.0,619.0,188.0,27.5,5.5,1488.0,22.0,116.5,34.0,38.0
90028,890.0,90.5,10.168539325842698,236.0,118.0,204.0,84.0,197.0,34.0,11.0,11.0,27.5,112.0,205.0,265.0,219.0,35.0,5.5,5.5,690.0,22.0,109.0,40.0,27.5
90029,1375.0,151.5,11.01818181818182,204.0,97.0,388.0,351.0,286.0,27.5,27.5,27.5,34.0,184.0,376.0,362.0,256.0,102.0,22.0,0.0,1096.0,27.5,180.0,39.5,22.0
90030,27.5,5.5,20.0,0.0,0.0,5.5,11.0,0.0,5.5,5.5,0.0,0.0,0.0,16.5,5.5,0.0,0.0,0.0,0.0,11.0,5.5,0.0,5.5,5.5
90031,1712.5,151.5,8.846715328467154,265.0,150.0,514.0,252.0,451.0,48.5,22.0,27.5,53.0,279.0,404.0,491.0,328.0,110.0,16.5,0.0,1467.0,22.0,165.0,34.0,22.0
90032,2139.5,177.5,8.296330918438887,442.0,227.0,575.0,220.0,588.0,52.5,22.0,27.5,64.0,333.0,510.0,619.0,435.0,113.0,27.5,0.0,1815.0,27.5,217.0,27.5,27.5
90033,2459.5,210.5,8.558650132140679,195.0,73.0,1022.0,552.0,562.0,33.0,11.0,35.0,102.5,563.0,670.0,578.0,389.0,93.0,22.0,0.0,2058.0,44.5,265.0,48.5,22.0
90034,2669.0,225.0,8.430123641813413,898.0,844.0,272.0,113.0,378.0,148.0,11.0,16.5,27.5,157.0,468.0,984.0,800.0,203.0,22.0,11.0,2390.0,16.5,146.0,35.0,77.5
90035,2093.5,159.5,7.618820157630762,767.0,725.0,142.0,39.0,315.0,77.5,0.0,5.5,16.5,103.0,387.0,839.0,576.0,133.0,27.5,16.5,1907.0,11.0,83.0,27.5,62.0
90036,2288.5,142.5,6.226786104435219,879.0,698.0,217.0,36.0,346.0,100.0,0.0,11.0,16.5,122.0,409.0,850.0,670.0,192.0,27.5,16.5,2055.0,11.0,113.0,60.5,37.0
90037,4017.0,310.0,7.717201891959173,211.0,79.0,1238.0,1525.0,906.0,61.5,16.5,51.0,204.0,885.0,1176.0,927.0,616.0,144.0,22.0,0.0,3137.0,56.0,626.0,167.0,33.0
90038,1013.5,106.0,10.458806117414898,161.0,101.0,252.0,216.0,230.0,27.5,11.0,22.0,27.5,151.0,245.0,293.0,207.0,52.0,5.5,0.0,791.0,22.0,124.0,35.0,27.5
90039,1319.0,101.0,7.657316148597422,500.0,339.0,160.0,35.0,217.0,37.0,5.5,5.5,16.5,47.5,146.0,406.0,511.0,144.0,27.5,5.5,1163.0,5.5,84.0,33.0,27.5
90040,667.0,93.5,14.017991004497752,61.5,27.5,260.0,65.0,205.0,22.0,0.0,22.0,27.5,118.0,178.0,165.0,116.0,33.0,5.5,0.0,559.0,11.0,45.5,27.5,11.0
90041,1134.5,94.5,8.329660643455266,431.0,298.0,93.5,27.5,228.0,47.5,0.0,0.0,27.5,63.5,148.0,374.0,416.0,105.0,27.5,5.5,1015.0,11.0,64.5,27.5,33.0
90042,2797.0,223.0,7.972828030032178,771.0,565.0,498.0,233.0,615.0,82.5,5.5,16.5,47.5,310.0,499.0,801.0,851.0,227.0,27.5,16.5,2445.0,11.0,232.0,42.5,44.5
90043,2339.5,245.5,10.493695234024363,408.0,279.0,652.0,338.0,597.0,55.0,16.5,27.5,76.0,384.0,558.0,642.0,507.0,130.0,22.0,11.0,1886.0,33.0,278.0,65.0,52.0
90044,6247.0,601.0,9.620617896590364,348.0,115.0,2271.0,1927.0,1452.0,150.0,27.5,91.0,337.0,1375.0,1834.0,1455.0,892.0,241.0,27.5,16.5,4956.0,114.0,869.0,227.0,97.0
90045,1908.0,154.0,8.071278825995808,843.0,563.0,120.0,27.5,235.0,76.5,5.5,5.5,11.0,33.0,264.0,719.0,643.0,168.0,27.5,11.0,1699.0,16.5,77.5,27.5,63.5
90046,1515.5,97.5,6.433520290333224,683.0,360.0,123.0,27.5,251.0,51.0,0.0,5.5,0.0,35.0,184.0,541.0,522.0,184.0,27.5,16.5,1361.0,11.0,75.0,27.5,34.0
90047,2778.0,254.0,9.14326853851692,351.0,166.0,868.0,499.0,799.0,90.5,5.5,27.5,99.0,534.0,789.0,732.0,446.0,137.0,22.0,5.5,2257.0,27.5,355.0,65.0,49.0
90048,1245.0,130.0,10.441767068273093,531.0,435.0,56.5,27.5,129.0,34.0,0.0,0.0,0.0,27.5,137.0,491.0,422.0,121.0,27.5,5.5,1119.0,5.5,33.0,22.0,27.5
90049,1717.0,145.5,8.474082702387886,726.0,730.0,27.5,27.5,88.0,97.0,0.0,0.0,0.0,27.5,133.0,698.0,631.0,179.0,27.5,27.5,1562.0,0.0,46.0,16.5,69.0
90056,323.0,49.5,15.325077399380804,109.0,70.5,27.5,16.5,61.0,27.5,0.0,11.0,11.0,27.5,55.5,86.5,92.0,33.0,11.0,0.0,258.0,16.5,27.5,27.5,22.0
90057,2451.5,244.5,9.973485621048338,202.0,57.5,529.0,1245.0,336.0,57.5,22.0,43.5,98.0,417.0,586.0,658.0,464.0,153.0,16.5,0.0,1944.0,22.0,376.0,79.0,27.5
90058,278.0,71.5,25.719424460431657,22.0,22.0,96.0,73.0,48.5,11.0,5.5,16.5,22.0,65.5,63.5,34.0,34.0,22.0,5.5,0.0,195.0,16.5,34.0,22.0,5.5
90059,3162.0,272.0,8.60215053763441,176.0,44.5,1279.0,819.0,741.0,88.5,27.5,37.0,148.0,738.0,975.0,755.0,392.0,95.0,22.0,0.0,2560.0,39.5,432.0,90.0,40.5
90061,1969.5,188.5,9.570957095709572,125.0,27.5,728.0,535.0,479.0,46.0,16.5,27.5,113.0,433.0,588.0,435.0,264.0,73.0,16.5,5.5,1576.0,27.5,263.0,60.5,27.5
90062,1882.5,192.5,10.225763612217795,172.0,96.0,557.0,506.0,493.0,33.0,11.0,27.5,56.0,365.0,537.0,491.0,272.0,89.5,22.0,11.0,1480.0,27.5,239.0,74.5,27.5
90063,2957.0,223.0,7.541427122083193,328.0,135.0,1152.0,579.0,732.0,27.5,22.0,27.5,116.0,623.0,839.0,728.0,473.0,132.0,16.5,0.0,2569.0,22.0,294.0,69.0,22.0
90064,1201.0,108.0,8.992506244796003,426.0,517.0,54.0,27.5,98.0,67.0,0.0,0.0,22.0,27.5,105.0,443.0,485.0,105.0,27.5,0.0,1085.0,11.0,40.5,27.5,40.5
90065,2193.5,146.5,6.67882379758377,632.0,426.0,368.0,219.0,452.0,72.0,11.0,27.5,55.0,193.0,382.0,640.0,677.0,192.0,27.5,11.0,1906.0,22.0,191.0,35.0,27.5
90066,2647.0,191.0,7.215715904797884,1016.0,874.0,187.0,47.5,316.0,179.0,5.5,22.0,27.5,87.0,355.0,979.0,949.0,212.0,27.5,22.0,2406.0,11.0,116.0,27.5,78.5
90067,137.5,27.5,20.0,35.0,39.5,22.0,11.0,27.5,16.5,0.0,0.0,5.5,11.0,11.0,34.0,33.0,16.5,16.5,0.0,90.0,0.0,5.5,5.5,16.5
90068,906.0,71.5,7.891832229580574,397.0,228.0,58.0,22.0,151.0,27.5,0.0,0.0,0.0,27.5,77.5,275.0,365.0,118.0,27.5,11.0,780.0,5.5,50.0,27.5,27.5
90069,674.0,66.0,9.792284866468842,302.0,182.0,33.0,16.5,88.0,27.5,0.0,0.0,11.0,27.5,83.0,257.0,208.0,65.0,27.5,22.0,573.0,11.0,27.5,28.5,27.5
90071,33.0,0.0,0.0,5.5,11.0,0.0,5.5,0.0,5.5,0.0,0.0,0.0,0.0,5.5,11.0,11.0,0.0,0.0,0.0,16.5,0.0,0.0,0.0,0.0
90073,5.5,0.0,0.0,0.0,0.0,0.0,5.5,0.0,0.0,0.0,0.0,0.0,5.5,0.0,0.0,0.0,0.0,0.0,0.0,0.0,5.5,0.0,0.0,0.0
90077,368.5,49.5,13.432835820895525,131.0,148.0,22.0,11.0,33.0,27.5,0.0,0.0,5.5,5.5,27.5,121.0,155.0,35.0,11.0,0.0,313.0,0.0,27.5,11.0,22.0
90089,38.5,5.5,14.285714285714285,5.5,16.5,0.0,0.0,5.5,5.5,0.0,0.0,0.0,0.0,5.5,16.5,16.5,0.0,0.0,0.0,27.5,0.0,0.0,0.0,0.0
90090,5.5,0.0,0.0,0.0,0.0,0.0,5.5,0.0,0.0,0.0,0.0,0.0,0.0,5.5,0.0,0.0,0.0,0.0,0.0,0.0,0.0,5.5,0.0,0.0
90094,912.0,89.0,9.758771929824562,403.0,358.0,27.5,5.5,68.5,27.5,0.0,0.0,0.0,22.0,72.5,374.0,333.0,88.0,27.5,5.5,827.0,0.0,27.5,22.0,37.0
90095,11.0,5.5,50.0,0.0,0.0,5.5,0.0,0.0,5.5,0.0,0.0,0.0,0.0,0.0,5.5,5.5,0.0,0.0,0.0,11.0,0.0,0.0,0.0,0.0
90201,5436.5,365.5,6.723075508139428,416.0,121.0,2298.0,1066.0,1429.0,112.0,16.5,62.5,218.0,1139.0,1678.0,1351.0,759.0,206.0,22.0,16.5,4622.0,36.0,585.0,163.0,27.5
90210,785.5,77.0,9.8026734563972,347.0,251.0,35.0,22.0,76.5,27.5,0.0,0.0,0.0,27.5,94.0,264.0,272.0,88.0,27.5,16.5,707.0,0.0,27.5,16.5,27.5
90211,441.0,49.5,11.224489795918368,152.0,164.0,27.5,22.0,56.5,22.0,0.0,0.0,0.0,22.0,43.5,150.0,150.0,37.0,16.5,0.0,380.0,5.5,27.5,11.0,22.0
90212,508.5,66.0,12.979351032448378,192.0,154.0,22.0,16.5,50.5,27.5,0.0,0.0,0.0,27.5,70.5,183.0,144.0,27.5,22.0,5.5,437.0,0.0,22.0,22.0,27.5
90220,3259.5,261.5,8.022702868538119,251.0,86.0,1157.0,686.0,986.0,94.0,22.0,43.5,148.0,717.0,960.0,831.0,442.0,98.0,22.0,11.0,2751.0,27.5,373.0,60.0,40.5
90221,3717.5,262.5,7.061197041022192,274.0,74.5,1345.0,928.0,1009.0,75.5,22.0,40.5,148.0,902.0,1089.0,895.0,491.0,132.0,16.5,0.0,3158.0,40.5,387.0,76.5,27.5
90222,2311.5,216.5,9.36621241617997,152.0,45.5,896.0,555.0,611.0,51.0,11.0,27.5,105.0,565.0,675.0,553.0,289.0,89.0,16.5,0.0,1898.0,27.5,316.0,54.5,27.5
90230,1500.5,116.5,7.7640786404531825,479.0,474.0,155.0,41.0,227.0,85.0,0.0,22.0,27.5,86.0,190.0,551.0,464.0,133.0,27.5,22.0,1320.0,22.0,89.0,27.5,34.0
90232,791.5,71.5,9.033480732785849,303.0,292.0,58.5,22.0,60.0,33.0,0.0,0.0,16.5,27.5,90.0,301.0,295.0,61.5,11.0,0.0,713.0,0.0,37.0,22.0,27.5
90401,294.0,44.0,14.965986394557824,85.0,89.0,27.5,11.0,34.0,27.5,0.0,0.0,11.0,27.5,27.5,106.0,99.0,27.5,11.0,0.0,240.0,11.0,27.5,16.5,16.5
90402,419.5,49.5,11.799761620977357,177.0,167.0,22.0,22.0,27.5,22.0,0.0,0.0,0.0,0.0,27.5,119.0,172.0,61.5,16.5,5.5,366.0,0.0,27.5,11.0,35.0
90403,1171.5,92.0,7.8531796841656,490.0,493.0,27.5,11.0,70.5,62.5,0.0,0.0,5.5,22.0,65.5,444.0,467.0,153.0,27.5,5.5,1044.0,0.0,39.5,22.0,62.0
90404,940.5,90.0,9.569377990430622,331.0,293.0,88.0,27.5,120.0,65.5,5.5,5.5,22.0,27.5,99.0,360.0,307.0,102.0,16.5,11.0,822.0,11.0,27.5,27.5,48.5
90405,1158.5,82.5,7.121277514026758,423.0,424.0,78.0,22.0,124.0,79.0,0.0,0.0,27.5,43.5,78.5,408.0,461.0,128.0,27.5,11.0,1034.0,5.5,40.5,22.0,67.5
90501,2350.5,192.5,8.189746862369708,552.0,309.0,451.0,274.0,621.0,112.0,16.5,27.5,35.0,256.0,523.0,753.0,555.0,151.0,27.5,0.0,2052.0,27.5,195.0,27.5,27.5
90502,827.0,77.0,9.310761789600967,243.0,96.0,160.0,63.5,208.0,33.0,5.5,22.0,27.5,87.0,185.0,294.0,175.0,42.5,16.5,0.0,731.0,11.0,54.0,22.0,27.5
90503,1948.5,175.5,9.006928406466514,806.0,539.0,145.0,27.5,319.0,84.0,0.0,5.5,27.5,75.0,330.0,774.0,573.0,140.0,27.5,11.0,1764.0,11.0,127.0,27.5,16.5
90504,1429.5,142.5,9.968520461699896,499.0,317.0,168.0,33.0,320.0,44.5,0.0,11.0,22.0,84.0,237.0,543.0,397.0,116.0,16.5,0.0,1295.0,11.0,79.5,27.5,22.0
90505,1535.5,122.5,7.977857375447737,628.0,420.0,97.0,27.5,270.0,62.0,0.0,0.0,22.0,43.5,241.0,563.0,520.0,124.0,22.0,11.0,1386.0,22.0,94.0,22.0,16.5
90506,11.0,0.0,0.0,5.5,0.0,5.5,0.0,0.0,0.0,0.0,0.0,0.0,5.5,0.0,0.0,0.0,5.5,0.0,0.0,0.0,0.0,11.0,0.0,0.0
90601,1681.5,162.5,9.663990484686291,350.0,243.0,397.0,80.5,534.0,35.0,0.0,22.0,27.5,210.0,373.0,549.0,364.0,102.0,27.5,0.0,1433.0,16.5,160.0,35.0,22.0
90602,1483.5,127.5,8.59453993933266,255.0,146.0,458.0,131.0,436.0,38.0,16.5,27.5,27.5,201.0,419.0,456.0,260.0,68.5,16.5,0.0,1240.0,27.5,164.0,33.0,16.5
90603,1002.5,83.5,8.329177057356608,282.0,205.0,158.0,27.5,299.0,27.5,0.0,11.0,27.5,65.5,213.0,354.0,279.0,40.5,11.0,5.5,867.0,16.5,87.0,27.5,22.0
90604,2205.0,176.0,7.981859410430839,470.0,237.0,601.0,150.0,689.0,35.0,16.5,16.5,33.0,287.0,583.0,706.0,451.0,106.0,22.0,0.0,1891.0,27.5,222.0,44.5,27.5
90605,2112.0,154.0,7.291666666666667,374.0,165.0,631.0,191.0,685.0,50.0,5.5,27.5,39.0,341.0,543.0,642.0,380.0,123.0,16.5,11.0,1761.0,27.5,260.0,45.5,16.5
90606,1749.5,149.5,8.545298656759075,266.0,154.0,512.0,141.0,606.0,45.5,5.5,22.0,40.5,269.0,485.0,517.0,320.0,76.0,22.0,11.0,1468.0,27.5,191.0,27.5,27.5
90623,610.5,91.0,14.905814905814909,208.0,149.0,62.0,11.0,122.0,27.5,0.0,0.0,16.5,39.5,117.0,210.0,152.0,38.0,5.5,5.5,505.0,0.0,50.0,22.0,22.0
90630,1969.5,150.5,7.641533384107642,676.0,394.0,279.0,49.0,491.0,48.0,5.5,16.5,27.5,147.0,450.0,720.0,509.0,93.0,16.5,5.5,1727.0,22.0,144.0,27.5,40.5
90631,3675.0,242.0,6.585034013605442,806.0,402.0,1114.0,295.0,974.0,88.0,11.0,27.5,75.0,485.0,983.0,1222.0,692.0,180.0,22.0,16.5,3222.0,22.0,339.0,43.0,38.5
90638,1883.0,172.0,9.134360063728094,544.0,363.0,355.0,45.5,504.0,39.5,5.5,16.5,27.5,149.0,400.0,708.0,454.0,107.0,16.5,11.0,1636.0,22.0,162.0,38.0,16.5
90639,27.5,5.5,20.0,5.5,11.0,5.5,0.0,0.0,0.0,0.0,0.0,0.0,5.5,11.0,5.5,0.0,0.0,0.0,0.0,16.5,0.0,0.0,0.0,0.0
90640,3128.5,236.5,7.559533322678599,525.0,254.0,999.0,336.0,959.0,50.5,5.5,27.5,76.0,480.0,878.0,924.0,588.0,129.0,27.5,5.5,2747.0,27.5,284.0,45.0,27.5
90650,5305.5,350.5,6.606351898972764,919.0,338.0,1601.0,495.0,1824.0,139.0,22.0,39.5,124.0,874.0,1502.0,1633.0,909.0,222.0,27.5,5.5,4533.0,59.5,587.0,103.0,33.0
90660,3048.5,208.5,6.839429227488929,422.0,202.0,1018.0,242.0,1098.0,51.0,22.0,22.0,72.5,522.0,855.0,920.0,508.0,125.0,11.0,0.0,2636.0,27.5,297.0,58.0,27.5
90670,933.5,104.5,11.194429566148902,197.0,95.0,226.0,33.0,314.0,27.5,0.0,5.5,22.0,121.0,254.0,272.0,194.0,33.0,11.0,5.5,765.0,22.0,92.0,22.0,16.5
90701,785.5,94.5,12.030553787396563,175.0,60.0,202.0,87.0,228.0,27.5,5.5,22.0,27.5,85.0,215.0,262.0,145.0,35.0,5.5,0.0,662.0,27.5,71.0,27.5,16.5
90703,1608.0,165.0,10.261194029850747,546.0,435.0,174.0,27.5,336.0,33.0,5.5,16.5,22.0,91.0,272.0,583.0,472.0,121.0,27.5,11.0,1396.0,16.5,130.0,27.5,22.0
90704,185.5,27.5,14.824797843665769,27.5,22.0,47.0,27.5,41.5,16.5,0.0,5.5,11.0,27.5,37.0,27.5,27.5,22.0,0.0,0.0,139.0,0.0,27.5,5.5,5.5
90706,4400.5,295.5,6.715146006135667,679.0,248.0,1306.0,461.0,1560.0,151.0,16.5,33.0,116.0,761.0,1386.0,1276.0,659.0,166.0,16.5,5.5,3802.0,33.0,444.0,89.0,38.5
90710,1326.5,128.5,9.68714662646061,289.0,123.0,264.0,181.0,372.0,56.0,0.0,27.5,27.5,160.0,310.0,408.0,301.0,58.5,22.0,0.0,1150.0,27.5,116.0,27.5,22.0
90712,1816.0,128.0,7.048458149779736,582.0,308.0,193.0,51.0,596.0,58.0,11.0,22.0,27.5,125.0,420.0,646.0,489.0,90.0,11.0,0.0,1611.0,22.0,157.0,27.5,22.0
90713,1475.0,125.0,8.47457627118644,496.0,273.0,143.0,43.5,445.0,49.0,0.0,16.5,22.0,99.0,310.0,590.0,364.0,65.5,22.0,0.0,1304.0,5.5,115.0,27.5,27.5
90714,27.5,0.0,0.0,0.0,5.5,0.0,5.5,11.0,5.5,0.0,0.0,5.5,5.5,5.5,5.5,0.0,0.0,0.0,0.0,11.0,0.0,5.5,0.0,0.0
90715,1098.0,103.0,9.380692167577411,244.0,118.0,228.0,85.0,373.0,27.5,11.0,22.0,27.5,132.0,260.0,350.0,238.0,51.0,11.0,5.5,915.0,22.0,111.0,36.0,27.5
90716,867.0,93.5,10.784313725490197,84.0,27.5,299.0,177.0,251.0,27.5,5.5,22.0,45.5,173.0,252.0,205.0,135.0,27.5,5.5,0.0,703.0,22.0,118.0,22.0,22.0
90717,1212.5,82.5,6.804123711340206,325.0,135.0,221.0,70.0,407.0,43.5,5.5,5.5,27.5,138.0,303.0,408.0,269.0,46.5,22.0,16.5,1101.0,5.5,77.0,27.5,22.0
90723,3252.0,230.0,7.072570725707257,319.0,104.0,1095.0,581.0,1050.0,84.0,5.5,27.5,113.5,673.0,997.0,812.0,483.0,119.0,27.5,5.5,2822.0,27.5,310.0,52.0,27.5
90732,935.5,100.0,10.689470871191876,315.0,192.0,87.5,33.0,225.0,44.5,0.0,11.0,22.0,55.5,165.0,355.0,248.0,58.5,11.0,5.5,841.0,11.0,40.5,27.5,16.5
90802,1862.0,153.0,8.216970998925886,409.0,267.0,326.0,219.0,559.0,53.0,0.0,27.5,27.5,255.0,495.0,559.0,384.0,90.0,27.5,11.0,1610.0,27.5,160.0,27.5,27.5
90803,1170.0,90.0,7.6923076923076925,457.0,336.0,53.0,27.5,204.0,56.5,0.0,5.5,11.0,27.5,179.0,472.0,369.0,75.0,27.5,5.5,1052.0,5.5,67.0,22.0,22.0
90813,3438.0,284.0,8.26061663757999,260.0,107.0,914.0,1033.0,1029.0,82.5,27.5,59.5,159.0,786.0,1018.0,822.0,437.0,133.0,11.0,0.0,2895.0,37.0,381.0,61.5,34.0
90814,897.0,71.5,7.971014492753622,274.0,223.0,83.5,27.5,247.0,27.5,0.0,5.5,16.5,55.5,159.0,341.0,255.0,51.0,16.5,0.0,811.0,5.5,49.5,22.0,16.5
90815,1838.0,141.0,7.671381936887922,708.0,464.0,132.0,34.0,403.0,60.5,5.5,22.0,27.5,96.0,293.0,646.0,623.0,113.0,22.0,5.5,1678.0,11.0,99.0,27.5,22.0
90822,0.0,0.0,0.0,0.0,0.0,0.0,0.0,0.0,0.0,0.0,0.0,0.0,0.0,0.0,0.0,0.0,0.0,0.0,0.0,0.0,0.0,0.0,0.0,0.0
90831,5.5,5.5,100.0,0.0,0.0,5.5,0.0,0.0,0.0,0.0,0.0,0.0,0.0,5.5,0.0,0.0,0.0,0.0,0.0,5.5,0.0,0.0,0.0,0.0
90840,0.0,0.0,0.0,0.0,0.0,0.0,0.0,0.0,0.0,0.0,0.0,0.0,0.0,0.0,0.0,0.0,0.0,0.0,0.0,0.0,0.0,0.0,0.0,0.0
90846,0.0,0.0,0.0,0.0,0.0,0.0,0.0,0.0,0.0,0.0,0.0,0.0,0.0,0.0,0.0,0.0,0.0,0.0,0.0,0.0,0.0,0.0,0.0,0.0
91001,1489.0,130.0,8.730691739422431,419.0,402.0,207.0,71.5,299.0,53.5,5.5,11.0,27.5,137.0,229.0,470.0,441.0,147.0,27.5,16.5,1288.0,22.0,116.0,27.5,27.5
91006,1360.5,81.0,5.953693495038589,563.0,367.0,99.0,27.5,253.0,45.0,0.0,0.0,27.5,46.5,266.0,503.0,413.0,92.0,22.0,11.0,1192.0,5.5,99.0,55.5,22.0
91007,1796.0,141.0,7.850779510022271,744.0,505.0,121.0,27.5,321.0,45.5,5.5,0.0,11.0,68.0,358.0,724.0,493.0,117.0,16.5,11.0,1524.0,16.5,129.0,99.0,27.5
91008,99.0,5.5,5.555555555555555,27.5,27.5,22.0,5.5,27.5,5.5,0.0,0.0,16.5,5.5,22.0,27.5,27.5,16.5,5.5,0.0,27.5,5.5,11.0,0.0,5.5
91010,1222.0,109.0,8.919803600654665,287.0,187.0,260.0,72.5,363.0,27.5,5.5,16.5,27.5,137.0,286.0,405.0,256.0,58.0,27.5,11.0,1048.0,27.5,104.0,22.0,27.5
91011,553.0,49.5,8.95117540687161,191.0,262.0,22.0,11.0,35.0,22.0,0.0,0.0,0.0,16.5,27.5,203.0,213.0,55.0,22.0,0.0,498.0,0.0,27.5,16.5,16.5
91016,2074.0,158.0,7.618129218900675,645.0,494.0,277.0,98.5,501.0,39.5,0.0,22.0,27.5,160.0,421.0,763.0,540.0,125.0,27.5,22.0,1832.0,11.0,177.0,27.5,35.0
91020,398.0,55.0,13.819095477386934,131.0,111.0,27.5,11.0,69.0,22.0,0.0,5.5,11.0,27.5,57.5,138.0,122.0,27.5,5.5,0.0,328.0,5.5,27.5,22.0,16.5
91023,0.0,0.0,0.0,0.0,0.0,0.0,0.0,0.0,0.0,0.0,0.0,0.0,0.0,0.0,0.0,0.0,0.0,0.0,0.0,0.0,0.0,0.0,0.0,0.0
91024,436.0,55.0,12.614678899082568,168.0,159.0,27.5,16.5,47.0,22.0,0.0,0.0,0.0,22.0,52.0,144.0,151.0,34.0,11.0,11.0,369.0,5.5,27.5,22.0,11.0
91030,994.5,71.5,7.18954248366013,318.0,417.0,39.5,16.5,155.0,35.0,0.0,0.0,11.0,27.5,89.0,344.0,381.0,116.0,22.0,0.0,898.0,5.5,44.5,27.5,27.5
91040,1009.0,95.5,9.464816650148665,329.0,195.0,146.0,33.0,230.0,56.0,0.0,5.5,22.0,67.5,184.0,370.0,296.0,40.5,22.0,5.5,867.0,16.5,83.0,27.5,27.5
91042,1349.0,115.0,8.524833209785026,397.0,251.0,222.0,72.0,308.0,79.5,5.5,16.5,22.0,89.0,259.0,534.0,337.0,94.0,22.0,5.5,1178.0,11.0,100.0,27.5,27.5
91046,5.5,0.0,0.0,5.5,0.0,0.0,0.0,0.0,0.0,0.0,0.0,0.0,0.0,0.0,0.0,0.0,5.5,0.0,0.0,5.5,0.0,0.0,0.0,0.0
91101,1191.5,105.5,8.854385228703315,386.0,397.0,96.0,68.0,168.0,35.0,5.5,22.0,27.5,74.0,222.0,432.0,331.0,62.0,16.5,5.5,1027.0,16.5,84.5,27.5,22.0
91103,1393.0,141.0,10.122038765254846,278.0,232.0,300.0,175.0,318.0,59.5,5.5,27.5,33.0,169.0,318.0,424.0,315.0,84.0,22.0,5.5,1154.0,22.0,144.0,27.5,27.5
91104,1737.0,134.0,7.714450201496834,517.0,406.0,240.0,135.0,362.0,67.0,22.0,16.5,27.5,141.0,330.0,617.0,472.0,138.0,22.0,11.0,1526.0,22.0,144.0,27.5,27.5
91105,580.5,49.5,8.527131782945736,233.0,237.0,22.0,22.0,55.0,27.5,0.0,0.0,0.0,22.0,55.0,237.0,202.0,48.0,22.0,5.5,541.0,0.0,27.5,11.0,5.5
91106,1315.5,108.5,8.247814519194224,419.0,503.0,92.0,34.0,193.0,27.5,0.0,0.0,16.5,55.0,233.0,512.0,369.0,96.0,16.5,11.0,1153.0,16.5,88.0,34.0,22.0
91107,1613.0,130.0,8.05951642901426,602.0,510.0,111.0,40.5,277.0,38.0,5.5,11.0,22.0,80.0,249.0,570.0,518.0,142.0,27.5,22.0,1470.0,22.0,71.5,22.0,27.5
91108,379.0,38.5,10.15831134564644,136.0,164.0,11.0,11.0,27.5,22.0,0.0,0.0,0.0,22.0,27.5,111.0,156.0,38.0,22.0,0.0,320.0,0.0,27.5,27.5,16.5
91125,0.0,0.0,0.0,0.0,0.0,0.0,0.0,0.0,0.0,0.0,0.0,0.0,0.0,0.0,0.0,0.0,0.0,0.0,0.0,0.0,0.0,0.0,0.0,0.0
91126,0.0,0.0,0.0,0.0,0.0,0.0,0.0,0.0,0.0,0.0,0.0,0.0,0.0,0.0,0.0,0.0,0.0,0.0,0.0,0.0,0.0,0.0,0.0,0.0
91201,937.5,103.0,10.986666666666666,338.0,194.0,115.0,27.5,177.0,67.5,0.0,0.0,16.5,34.0,181.0,354.0,262.0,66.5,11.0,5.5,792.0,11.0,64.5,33.0,22.0
91202,1058.0,102.0,9.640831758034029,403.0,307.0,84.0,22.0,158.0,62.5,0.0,0.0,11.0,34.0,187.0,389.0,330.0,79.0,22.0,5.5,926.0,0.0,74.0,27.5,27.5
91203,913.5,72.5,7.936507936507936,328.0,211.0,119.0,33.0,160.0,50.0,0.0,11.0,11.0,49.0,209.0,347.0,238.0,39.5,16.5,5.5,762.0,5.5,89.5,27.5,27.5
91204,785.5,86.5,11.012094207511138,235.0,141.0,132.0,45.5,153.0,61.5,0.0,11.0,27.5,75.0,165.0,299.0,170.0,27.5,0.0,11.0,655.0,0.0,66.5,27.5,22.0
91205,1623.0,146.0,8.995686999383858,466.0,272.0,277.0,107.5,357.0,119.0,11.0,11.0,27.5,138.0,378.0,568.0,383.0,108.0,16.5,5.5,1378.0,11.0,148.0,33.0,35.0
91206,1509.5,146.5,9.70520039748261,521.0,372.0,169.0,34.0,266.0,105.0,0.0,5.5,16.5,50.5,264.0,547.0,459.0,126.0,22.0,16.5,1317.0,5.5,89.0,27.5,43.5
91207,458.0,49.5,10.807860262008736,168.0,166.0,22.0,16.5,46.5,22.0,0.0,5.5,5.5,22.0,60.0,173.0,139.0,57.5,11.0,5.5,406.0,0.0,27.5,22.0,11.0
91208,650.0,49.5,7.615384615384616,229.0,230.0,33.0,16.5,98.0,51.0,0.0,0.0,16.5,27.5,90.0,236.0,226.0,61.5,27.5,16.5,592.0,0.0,27.5,27.5,22.0
91209,11.0,0.0,0.0,5.5,0.0,5.5,0.0,0.0,0.0,0.0,0.0,0.0,5.5,0.0,0.0,5.5,0.0,0.0,0.0,5.5,0.0,5.5,0.0,0.0
91210,88.0,0.0,0.0,27.5,22.0,5.5,5.5,16.5,5.5,0.0,0.0,0.0,11.0,22.0,27.5,22.0,16.5,0.0,0.0,27.5,0.0,11.0,0.0,0.0
91214,1193.0,120.0,10.05867560771165,448.0,385.0,66.0,27.5,185.0,61.5,0.0,5.5,5.5,27.5,133.0,469.0,426.0,85.0,22.0,5.5,1038.0,16.5,67.5,22.0,35.0
91301,885.0,93.5,10.564971751412427,334.0,278.0,67.5,22.0,122.0,35.0,0.0,0.0,0.0,27.5,111.0,340.0,286.0,82.0,27.5,5.5,801.0,16.5,36.0,27.5,22.0
91302,785.0,66.0,8.40764331210191,312.0,253.0,59.5,16.5,119.0,27.5,0.0,0.0,11.0,33.0,93.0,294.0,279.0,67.5,27.5,11.0,727.0,0.0,27.5,22.0,27.5
91303,1792.0,148.0,8.258928571428571,290.0,144.0,501.0,374.0,405.0,53.5,5.5,27.5,56.0,281.0,462.0,512.0,336.0,98.0,16.5,5.5,1603.0,27.5,116.0,27.5,27.5
91304,2632.5,215.5,8.186134852801521,584.0,253.0,690.0,366.0,645.0,74.5,5.5,16.5,57.0,369.0,641.0,797.0,551.0,163.0,27.5,5.5,2358.0,27.5,185.0,37.0,27.5
91305,16.5,0.0,0.0,0.0,0.0,5.5,0.0,5.5,5.5,0.0,0.0,0.0,0.0,11.0,5.5,0.0,0.0,0.0,0.0,5.5,0.0,5.5,0.0,0.0
91306,2322.0,201.0,8.656330749354005,472.0,218.0,609.0,322.0,599.0,84.0,16.5,27.5,61.5,332.0,557.0,696.0,515.0,106.0,27.5,5.5,2105.0,22.0,143.0,27.5,27.5
91307,1001.5,86.5,8.637044433349974,328.0,249.0,132.0,27.5,206.0,42.5,0.0,5.5,16.5,27.5,150.0,357.0,341.0,70.5,16.5,0.0,923.0,5.5,27.5,27.5,5.5
91311,1656.5,136.5,8.240265620283731,534.0,283.0,273.0,35.0,434.0,59.5,5.5,11.0,27.5,112.0,362.0,584.0,428.0,123.0,11.0,11.0,1492.0,27.5,94.0,27.5,22.0
91316,1648.0,170.0,10.315533980582524,577.0,460.0,191.0,22.0,278.0,87.0,0.0,0.0,11.0,58.5,264.0,615.0,508.0,136.0,27.5,22.0,1532.0,5.5,52.0,27.5,16.5
91321,1777.5,146.5,8.241912798874825,402.0,177.0,423.0,226.0,474.0,55.5,22.0,27.5,27.5,216.0,479.0,559.0,361.0,80.0,22.0,5.5,1537.0,27.5,165.0,27.5,22.0
91324,1413.0,139.0,9.83722576079264,387.0,197.0,249.0,135.0,352.0,58.5,11.0,27.5,27.5,160.0,344.0,451.0,308.0,69.5,22.0,0.0,1261.0,22.0,79.0,27.5,27.5
91325,1540.5,139.5,9.055501460564752,418.0,224.0,312.0,114.0,375.0,68.5,5.5,16.5,27.5,185.0,355.0,501.0,324.0,95.0,22.0,5.5,1354.0,16.5,117.0,27.5,27.5
91326,1465.0,137.0,9.351535836177474,525.0,468.0,136.0,27.5,244.0,53.5,0.0,0.0,22.0,62.5,199.0,564.0,500.0,111.0,22.0,5.5,1351.0,22.0,65.5,27.5,27.5
91330,49.5,5.5,11.11111111111111,11.0,5.5,0.0,11.0,22.0,11.0,0.0,0.0,5.5,5.5,22.0,16.5,0.0,0.0,0.0,0.0,22.0,0.0,11.0,0.0,0.0
91331,5749.5,461.5,8.02678493782068,644.0,191.0,1993.0,1074.0,1675.0,182.0,27.5,46.5,188.0,1088.0,1733.0,1509.0,906.0,261.0,27.5,11.0,4981.0,33.0,521.0,181.0,27.5
91335,4072.0,307.0,7.539292730844793,886.0,343.0,1075.0,521.0,1086.0,164.0,11.0,22.0,86.5,524.0,1059.0,1290.0,820.0,227.0,27.5,27.5,3645.0,27.5,287.0,80.0,44.5
91340,1989.5,162.5,8.16788137723046,230.0,84.0,686.0,288.0,599.0,81.5,11.0,27.5,66.5,360.0,559.0,558.0,306.0,93.0,22.0,0.0,1730.0,27.5,172.0,38.0,22.0
91342,5263.0,420.0,7.980239407182216,783.0,380.0,1686.0,588.0,1649.0,170.5,5.5,38.0,134.0,902.0,1440.0,1538.0,915.0,263.0,27.5,11.0,4593.0,27.5,472.0,129.0,33.0
91343,3312.0,272.0,8.212560386473431,614.0,249.0,944.0,625.0,768.0,109.0,22.0,40.5,112.0,532.0,829.0,969.0,637.0,173.0,27.5,5.5,2913.0,11.0,284.0,77.5,27.5
91344,2289.5,192.5,8.407949333915703,754.0,429.0,364.0,47.0,560.0,95.0,0.0,5.5,27.5,157.0,521.0,811.0,611.0,128.0,27.5,11.0,2038.0,16.5,146.0,37.0,27.5
91345,967.5,88.0,9.095607235142118,197.0,93.0,244.0,77.0,304.0,43.5,0.0,22.0,27.5,112.0,263.0,330.0,189.0,34.0,16.5,0.0,841.0,11.0,86.0,27.5,27.5
91350,2233.0,172.0,7.702642185400806,851.0,426.0,233.0,27.5,632.0,45.5,0.0,11.0,27.5,95.0,487.0,941.0,541.0,118.0,22.0,16.5,2026.0,11.0,155.0,33.0,16.5
91351,1785.5,148.5,8.316998039764771,379.0,198.0,458.0,129.0,551.0,41.0,0.0,33.0,27.5,209.0,431.0,582.0,389.0,82.0,11.0,5.5,1563.0,27.5,143.0,27.5,27.5
91352,2467.0,192.0,7.782732063234699,327.0,142.0,796.0,394.0,700.0,89.5,5.5,27.5,56.0,431.0,718.0,690.0,415.0,108.0,27.5,11.0,1992.0,22.0,310.0,78.5,48.0
91354,1546.0,134.0,8.667529107373868,644.0,381.0,125.0,27.5,346.0,27.5,0.0,0.0,5.5,59.0,264.0,655.0,437.0,97.0,27.5,5.5,1419.0,11.0,83.0,27.5,16.5
91355,1387.5,112.5,8.108108108108109,543.0,272.0,139.0,27.5,372.0,27.5,0.0,5.5,22.0,63.5,339.0,530.0,340.0,71.0,22.0,0.0,1223.0,5.5,104.0,27.5,22.0
91356,1458.5,147.0,10.0788481316421,438.0,353.0,232.0,43.5,274.0,67.5,0.0,5.5,22.0,84.5,274.0,508.0,415.0,105.0,27.5,16.5,1328.0,22.0,49.0,27.5,27.5
91361,630.0,77.0,12.22222222222222,238.0,189.0,64.5,27.5,63.5,27.5,5.5,0.0,5.5,27.5,92.0,228.0,191.0,50.0,22.0,16.5,563.0,0.0,27.5,16.5,27.5
91362,1331.0,116.0,8.715251690458302,477.0,363.0,181.0,41.5,188.0,38.5,5.5,16.5,22.0,61.5,233.0,507.0,358.0,106.0,27.5,11.0,1232.0,11.0,39.0,22.0,16.5
91364,1216.0,104.5,8.59375,479.0,341.0,117.0,27.5,187.0,62.5,0.0,0.0,11.0,27.5,136.0,446.0,438.0,132.0,22.0,5.5,1120.0,0.0,39.0,22.0,27.5
91367,2301.0,195.0,8.47457627118644,875.0,580.0,295.0,27.5,395.0,108.0,0.0,11.0,16.5,105.0,426.0,874.0,677.0,163.0,27.5,22.0,2124.0,16.5,86.5,33.0,27.5
91381,791.0,82.5,10.429835651074589,304.0,183.0,60.5,27.5,178.0,27.5,0.0,0.0,22.0,33.0,147.0,264.0,242.0,48.5,22.0,5.5,682.0,5.5,53.0,27.5,11.0
91382,16.5,0.0,0.0,0.0,11.0,0.0,5.5,11.0,0.0,0.0,0.0,0.0,5.5,5.5,11.0,0.0,5.5,0.0,0.0,16.5,0.0,5.5,0.0,0.0
91384,1164.5,96.5,8.286818376985831,385.0,141.0,184.0,27.5,389.0,28.5,0.0,16.5,27.5,98.0,300.0,418.0,263.0,45.5,27.5,0.0,1036.0,16.5,99.5,22.0,11.0
91387,2489.5,201.5,8.093994778067886,638.0,294.0,541.0,139.0,805.0,54.5,0.0,27.5,33.0,240.0,646.0,850.0,533.0,136.0,27.5,16.5,2168.0,27.5,256.0,34.0,27.5
91390,762.0,71.5,9.383202099737533,245.0,117.0,107.0,22.0,240.0,27.5,0.0,0.0,22.0,62.0,170.0,291.0,172.0,33.0,5.5,0.0,677.0,11.0,33.0,27.5,11.0
91401,2031.5,144.5,7.112970711297072,512.0,301.0,421.0,262.0,442.0,75.0,11.0,27.5,27.5,214.0,453.0,669.0,485.0,138.0,27.5,11.0,1788.0,11.0,165.0,27.5,27.5
91402,3907.0,345.0,8.830304581520348,453.0,152.0,1215.0,939.0,977.0,157.5,27.5,56.0,153.0,808.0,1093.0,923.0,646.0,188.0,16.5,5.5,3346.0,27.5,351.0,134.0,38.5
91403,1463.0,135.5,9.26179084073821,618.0,446.0,90.0,27.5,207.0,53.5,0.0,11.0,5.5,27.5,170.0,551.0,532.0,138.0,27.5,5.5,1324.0,5.5,68.0,22.0,27.5
91405,3179.5,253.5,7.972951721968863,541.0,275.0,831.0,654.0,749.0,114.0,5.5,27.5,115.0,492.0,887.0,902.0,571.0,158.0,22.0,16.5,2727.0,22.0,284.0,97.5,33.0
91406,2936.0,229.0,7.799727520435967,621.0,342.0,727.0,432.0,703.0,94.0,16.5,27.5,56.5,355.0,697.0,982.0,637.0,154.0,27.5,11.0,2619.0,22.0,226.0,33.0,35.0
91411,1385.5,137.5,9.924215084806928,333.0,181.0,233.0,259.0,293.0,58.0,5.5,22.0,27.5,178.0,260.0,460.0,317.0,85.0,16.5,11.0,1212.0,11.0,96.0,27.5,27.5
91423,1573.5,133.5,8.484270734032412,635.0,468.0,110.0,27.5,263.0,42.5,0.0,0.0,11.0,27.5,177.0,616.0,554.0,149.0,27.5,11.0,1429.0,16.5,79.0,22.0,27.5
91436,711.0,77.0,10.829817158931084,296.0,263.0,27.5,11.0,53.0,27.5,0.0,0.0,5.5,16.5,41.5,240.0,292.0,81.0,22.0,0.0,651.0,0.0,27.5,27.5,22.0
91501,936.5,100.5,10.731446876668446,333.0,269.0,86.0,22.0,146.0,66.5,5.5,5.5,11.0,27.5,171.0,365.0,262.0,65.0,16.5,5.5,791.0,11.0,62.0,27.5,22.0
91502,532.5,77.0,14.460093896713616,155.0,85.0,100.0,27.5,107.0,33.0,0.0,5.5,16.5,27.5,123.0,174.0,125.0,27.5,22.0,0.0,410.0,11.0,55.0,22.0,16.5
91503,11.0,0.0,0.0,0.0,0.0,5.5,0.0,5.5,0.0,0.0,0.0,0.0,0.0,0.0,0.0,5.5,5.5,0.0,0.0,11.0,0.0,0.0,0.0,0.0
91504,1215.5,97.5,8.02139037433155,434.0,277.0,138.0,27.5,261.0,48.5,0.0,11.0,27.5,50.0,208.0,494.0,335.0,82.0,27.5,11.0,1018.0,16.5,122.0,27.5,27.5
91505,1304.0,117.0,8.97239263803681,541.0,297.0,124.0,27.5,250.0,27.5,5.5,11.0,22.0,58.5,171.0,445.0,442.0,140.0,11.0,5.5,1084.0,11.0,136.0,27.5,27.5
91506,736.5,88.0,11.948404616429055,316.0,170.0,81.5,22.0,111.0,33.0,0.0,5.5,5.5,27.5,124.0,257.0,227.0,61.5,22.0,0.0,610.0,11.0,76.0,16.5,22.0
91521,0.0,0.0,0.0,0.0,0.0,0.0,0.0,0.0,0.0,0.0,0.0,0.0,0.0,0.0,0.0,0.0,0.0,0.0,0.0,0.0,0.0,0.0,0.0,0.0
91522,5.5,0.0,0.0,0.0,0.0,0.0,0.0,5.5,0.0,0.0,0.0,0.0,0.0,5.5,0.0,0.0,0.0,0.0,0.0,5.5,0.0,0.0,0.0,0.0
91523,0.0,0.0,0.0,0.0,0.0,0.0,0.0,0.0,0.0,0.0,0.0,0.0,0.0,0.0,0.0,0.0,0.0,0.0,0.0,0.0,0.0,0.0,0.0,0.0
91601,1777.5,143.5,8.073136427566807,564.0,278.0,309.0,144.0,393.0,61.5,0.0,27.5,27.5,144.0,363.0,623.0,460.0,115.0,22.0,0.0,1504.0,22.0,149.0,55.5,33.0
91602,911.5,84.0,9.215578716401536,416.0,244.0,65.0,27.5,138.0,27.5,0.0,0.0,11.0,33.0,110.0,332.0,349.0,78.0,22.0,5.5,811.0,5.5,61.5,27.5,27.5
91604,1514.0,125.0,8.256274768824307,674.0,467.0,86.0,27.5,183.0,57.0,0.0,5.5,11.0,27.5,158.0,548.0,577.0,158.0,27.5,11.0,1379.0,5.5,67.5,27.5,27.5
91605,2853.0,250.0,8.762705923589206,443.0,206.0,869.0,445.0,785.0,99.0,11.0,27.5,60.5,443.0,865.0,835.0,470.0,147.0,22.0,0.0,2400.0,27.5,289.0,91.0,54.5
91606,2125.5,151.5,7.127734650670431,443.0,222.0,557.0,259.0,549.0,73.0,11.0,27.5,55.0,273.0,566.0,658.0,425.0,108.0,22.0,5.5,1766.0,22.0,205.0,82.0,36.0
91607,1579.5,118.5,7.502374169040836,565.0,344.0,202.0,35.0,336.0,58.5,0.0,5.5,11.0,96.0,298.0,548.0,467.0,128.0,22.0,5.5,1392.0,11.0,105.0,36.0,27.5
91608,5.5,0.0,0.0,5.5,0.0,0.0,0.0,0.0,0.0,0.0,0.0,0.0,0.0,0.0,5.5,0.0,0.0,0.0,0.0,5.5,0.0,0.0,0.0,0.0
91702,3416.0,250.0,7.318501170960187,619.0,326.0,901.0,358.0,1122.0,88.5,16.5,27.5,91.0,545.0,946.0,1004.0,617.0,161.0,27.5,11.0,2966.0,27.5,273.0,49.5,99.0
91706,4103.0,338.0,8.237874725810384,511.0,155.0,1344.0,461.0,1520.0,109.5,11.0,27.5,116.0,738.0,1209.0,1180.0,648.0,169.0,22.0,16.5,3624.0,33.0,287.0,63.5,89.5
91709,3700.0,265.0,7.162162162162162,1271.0,740.0,472.0,56.5,864.0,276.0,5.5,11.0,27.5,246.0,845.0,1437.0,911.0,202.0,27.5,11.0,3269.0,27.5,243.0,81.0,71.0
91711,1142.0,101.0,8.84413309982487,335.0,352.0,106.0,22.0,210.0,85.0,5.5,5.5,27.5,51.0,189.0,394.0,352.0,92.0,22.0,5.5,999.0,22.0,52.5,22.0,27.5
91722,1870.0,167.0,8.930481283422461,383.0,202.0,428.0,94.5,686.0,56.5,5.5,22.0,33.0,267.0,491.0,606.0,353.0,84.0,27.5,0.0,1644.0,16.5,139.0,27.5,47.5
91723,1047.5,113.0,10.787589498806682,194.0,95.0,236.0,50.0,393.0,46.5,5.5,16.5,27.5,125.0,269.0,330.0,195.0,56.0,16.5,0.0,900.0,27.5,76.5,27.5,27.5
91724,1298.5,123.5,9.510974201001156,319.0,169.0,243.0,55.0,447.0,41.0,0.0,22.0,27.5,153.0,322.0,414.0,278.0,77.0,16.5,5.5,1149.0,16.5,84.0,27.5,27.5
91731,1518.0,137.0,9.025032938076416,178.0,72.5,524.0,248.0,437.0,39.0,11.0,27.5,35.0,278.0,458.0,382.0,258.0,54.0,16.5,0.0,1301.0,27.5,125.0,27.5,37.5
91732,3291.0,238.0,7.231844424187177,395.0,114.0,1151.0,592.0,969.0,69.5,16.5,33.0,121.0,630.0,881.0,963.0,502.0,143.0,22.0,11.0,2844.0,27.5,279.0,60.0,86.0
91733,2367.5,199.5,8.426610348468849,262.0,86.0,812.0,445.0,696.0,45.0,11.0,27.5,91.5,516.0,668.0,580.0,350.0,105.0,16.5,0.0,2021.0,27.5,200.0,37.0,66.5
91740,1256.0,0.0,0.0,323.0,218.0,201.0,27.5,445.0,39.0,0.0,16.5,27.5,113.0,327.0,450.0,285.0,52.0,22.0,0.0,1110.0,16.5,92.0,22.0,39.0
91741,1085.0,0.0,0.0,377.0,248.0,105.0,27.5,305.0,34.0,0.0,11.0,11.0,72.5,261.0,409.0,249.0,74.0,27.5,5.5,985.0,16.5,54.0,22.0,22.0
91744,4716.0,0.0,0.0,561.0,184.0,1562.0,621.0,1680.0,107.5,27.5,34.0,149.0,880.0,1368.0,1323.0,753.0,186.0,16.5,11.0,4163.0,27.5,355.0,42.5,120.5
91745,2577.0,0.0,0.0,774.0,387.0,467.0,111.0,732.0,106.0,11.0,27.5,27.5,224.0,617.0,918.0,620.0,136.0,22.0,22.0,2257.0,22.0,192.0,78.0,43.0
91746,1643.0,0.0,0.0,217.0,52.0,558.0,164.0,605.0,41.0,11.0,22.0,48.5,330.0,497.0,451.0,230.0,58.0,16.5,5.5,1439.0,16.5,133.0,27.5,58.5
91748,3772.0,0.0,0.0,1364.0,689.0,569.0,186.0,841.0,123.0,5.5,22.0,34.0,258.0,825.0,1459.0,915.0,241.0,27.5,22.0,3296.0,27.5,240.0,170.0,40.0
91750,1242.0,0.0,0.0,372.0,239.0,180.0,27.5,360.0,49.5,5.5,27.5,27.5,109.0,281.0,463.0,293.0,53.0,11.0,11.0,1097.0,27.5,90.0,27.5,27.5
91754,2275.0,0.0,0.0,722.0,445.0,322.0,85.5,635.0,55.0,0.0,5.5,27.5,139.0,505.0,867.0,583.0,151.0,27.5,11.0,1821.0,22.0,174.0,229.0,51.0
91755,1281.0,0.0,0.0,404.0,211.0,256.0,56.5,316.0,33.0,5.5,5.5,22.0,87.0,266.0,488.0,349.0,64.5,27.5,5.5,1082.0,16.5,113.0,63.0,27.5
91759,27.5,0.0,0.0,16.5,27.5,5.5,5.5,22.0,22.0,0.0,0.0,0.0,11.0,11.0,22.0,27.5,5.5,0.0,0.0,27.5,0.0,16.5,0.0,0.0
91765,2151.0,0.0,0.0,878.0,494.0,188.0,27.5,450.0,120.0,5.5,16.5,22.0,105.0,451.0,837.0,565.0,162.0,27.5,16.5,1923.0,27.5,125.0,59.0,31.5
91766,4205.0,0.0,0.0,496.0,205.0,1412.0,662.0,1196.0,234.0,27.5,33.0,157.0,867.0,1273.0,1117.0,567.0,155.0,27.5,16.5,3624.0,27.5,383.0,93.0,69.0
91767,3048.0,0.0,0.0,462.0,178.0,1001.0,402.0,853.0,152.0,16.5,27.5,102.5,586.0,869.0,862.0,487.0,97.0,16.5,5.5,2590.0,27.5,312.0,66.5,45.5
91768,1933.0,0.0,0.0,182.0,92.0,700.0,287.0,598.0,73.0,11.0,27.5,87.5,412.0,565.0,510.0,262.0,60.5,16.5,11.0,1662.0,27.5,195.0,27.5,30.5
91770,2616.0,0.0,0.0,597.0,268.0,706.0,246.0,700.0,95.5,5.5,27.5,39.5,277.0,638.0,879.0,605.0,149.0,22.0,16.5,2242.0,22.0,250.0,84.5,27.5
91773,1475.5,116.5,7.895628600474415,475.0,291.0,166.0,33.0,435.0,47.5,5.5,0.0,27.5,105.0,287.0,587.0,370.0,66.5,22.0,5.5,1304.0,16.5,82.0,35.0,33.5
91775,1115.0,104.5,9.37219730941704,416.0,249.0,117.0,58.5,217.0,38.5,5.5,5.5,16.5,50.0,175.0,348.0,351.0,112.0,34.0,27.5,931.0,11.0,123.0,27.5,27.5
91776,1830.0,147.0,8.032786885245901,493.0,230.0,416.0,145.0,439.0,73.5,0.0,5.5,27.5,151.0,424.0,681.0,419.0,98.0,11.0,11.0,1557.0,11.0,160.0,59.0,27.5
91780,1824.5,150.0,8.22143052891203,651.0,391.0,239.0,66.0,376.0,51.5,0.0,5.5,22.0,110.0,365.0,695.0,483.0,113.0,22.0,0.0,1545.0,11.0,115.0,98.5,22.0
91789,1875.5,134.5,7.171420954412157,726.0,454.0,199.0,27.5,374.0,74.5,0.0,0.0,22.0,80.0,374.0,706.0,532.0,142.0,22.0,5.5,1644.0,5.5,110.0,62.5,33.0
91790,2214.0,149.0,6.729900632339657,511.0,201.0,520.0,122.0,772.0,68.0,5.5,27.5,34.0,284.0,612.0,719.0,416.0,100.0,22.0,5.5,1972.0,16.5,145.0,27.5,63.5
91791,1671.5,150.5,9.003888722704158,422.0,236.0,307.0,53.5,541.0,68.0,11.0,16.5,27.5,184.0,434.0,533.0,359.0,94.0,16.5,5.5,1472.0,16.5,101.0,35.0,41.5
91792,1451.0,140.0,9.648518263266713,320.0,146.0,335.0,81.0,495.0,39.0,0.0,27.5,27.5,190.0,379.0,438.0,290.0,81.0,22.0,5.5,1236.0,22.0,111.0,27.5,45.0
91801,2416.5,193.5,8.007448789571695,724.0,507.0,401.0,95.0,599.0,83.0,0.0,16.5,27.5,165.0,518.0,901.0,624.0,160.0,27.5,5.5,2131.0,5.5,211.0,42.0,27.5
91803,1270.5,125.0,9.838646202282566,363.0,231.0,261.0,44.5,311.0,27.5,0.0,11.0,27.5,95.5,250.0,458.0,332.0,85.0,22.0,0.0,1120.0,5.5,100.0,27.5,22.0
92397,323.0,55.0,17.027863777089784,69.5,27.5,39.0,22.0,106.0,33.0,0.0,0.0,11.0,36.0,63.5,104.0,53.0,27.5,5.5,0.0,242.0,16.5,27.5,16.5,22.0
93532,148.0,27.5,18.58108108108108,27.5,11.0,27.5,22.0,40.5,0.0,0.0,0.0,11.0,27.5,27.5,39.5,22.0,16.5,5.5,0.0,96.0,0.0,27.5,0.0,0.0
93535,5709.5,547.5,9.589281022856644,430.0,109.0,1873.0,997.0,2215.0,108.5,22.0,97.5,283.0,1364.0,1712.0,1344.0,698.0,206.0,22.0,27.5,3995.0,142.0,1276.0,269.0,62.0
93536,4025.5,349.5,8.68215128555459,727.0,347.0,892.0,255.0,1722.0,81.5,22.0,27.5,88.0,646.0,1216.0,1289.0,602.0,140.0,22.0,27.5,3181.0,41.5,660.0,111.0,28.0
93543,831.5,101.0,12.146722790138304,40.5,22.0,266.0,149.0,315.0,33.0,5.5,27.5,27.5,207.0,257.0,183.0,99.0,27.5,11.0,5.5,596.0,22.0,155.0,27.5,11.0
93544,115.5,22.0,19.047619047619047,22.0,11.0,27.5,11.0,27.5,11.0,0.0,0.0,11.0,22.0,27.5,27.5,16.5,0.0,0.0,0.0,27.5,0.0,27.5,5.5,5.5
93550,5526.0,462.0,8.360477741585234,372.0,105.0,1846.0,993.0,2046.0,170.5,22.0,59.5,215.0,1236.0,1744.0,1403.0,698.0,155.0,27.5,22.0,3952.0,104.0,1142.0,272.0,72.0
93551,2815.5,241.5,8.577517314864144,523.0,308.0,599.0,185.0,1125.0,65.5,16.5,27.5,95.0,382.0,763.0,916.0,489.0,128.0,16.5,11.0,2211.0,27.5,454.0,74.5,44.0
93552,2391.5,238.5,9.972820405603178,220.0,45.5,771.0,326.0,947.0,65.5,22.0,27.5,94.0,569.0,705.0,562.0,302.0,99.0,27.5,0.0,1779.0,27.5,455.0,97.0,34.5
93553,137.5,33.0,24.0,27.5,11.0,27.5,27.5,27.5,16.5,0.0,16.5,22.0,27.5,27.5,27.5,27.5,16.5,0.0,0.0,60.0,5.5,27.5,5.5,0.0
93563,11.0,0.0,0.0,0.0,0.0,0.0,5.5,5.5,0.0,0.0,0.0,0.0,0.0,5.5,5.5,0.0,0.0,0.0,0.0,5.5,0.0,0.0,0.0,0.0
93591,475.5,66.0,13.8801261829653,27.5,16.5,149.0,104.0,151.0,22.0,0.0,22.0,27.5,96.0,155.0,100.0,47.0,27.5,22.0,5.5,306.0,22.0,106.0,27.5,5.5
