ZIP_CODE,avg_traffic_pct,avg_diesel_pm,avg_cancer_risk,avg_resp_hazard,avg_ej_index
91042,65.53971843968445,0.388686815544331,35.871371864960985,0.7404376069273745,0.35311064002299714
91043,74.58533522768373,0.4477173153964645,37.362315365427776,0.8341837497769611,0.5750684836599165
91214,74.06802673390668,0.38747658434339133,34.99743865733045,0.6900943434475018,0.2829863941143426
91040,71.15904091854412,0.38675171956169335,34.895257814096645,0.6764669886361626,0.3222068372640863
91352,83.74434389273057,0.6583420068017056,40.59517881332209,0.9968138006146005,0.6142184031388257
91504,77.60400222436495,0.5984028358867733,39.28400394876601,0.9649656516681181,0.33265814631313173
91505,90.97045802409282,0.6559913026673126,42.51324340392435,0.9919041307625841,0.3067890517736195
91041,85.43731071131565,0.4038014036287349,34.81672325419905,0.6773323655379785,0.39099115151542235
91342,74.87091297793465,0.4719736945350166,36.54825820358351,0.7713043310632711,0.6052905453016993
91331,78.12737379271624,0.6124675634351772,39.040236924165896,0.8798488552748738,0.6841807156826951
91340,77.13252898778441,0.5574040752790936,38.315068860673726,0.8448482709835545,0.7028510342608147
91333,84.76458575194661,0.5843646948588348,38.5947023255724,0.8530035197525825,0.759096730228126
91392,94.55987047065443,0.574509702103997,37.95300443536972,0.8593740987939338,0.7095881987176134
91344,74.61735489334815,0.5306077873113264,37.68205516612102,0.8238245817216283,0.384138646627066
91326,70.25831301417712,0.4723147681789156,36.51402397945197,0.7611607310620097,0.34092772976265723
91327,93.32098641487173,0.4618270786251427,36.04055247695747,0.729305648675597,0.3422500043902117
91311,76.77441107493773,0.4561792045210338,36.30869687628292,0.7603589247300322,0.3533940659324604
91345,91.87647012785081,0.6795087475885748,38.96482015302192,0.8913263517534957,0.5406913536328023
91346,98.30255646060982,0.7322912036252672,38.659832921866176,0.8965726865791063,0.5361586969026235
91395,90.9236039845702,0.6811164918369608,38.85977626739475,0.8897000202090393,0.5217920503677186
91343,80.66672293991668,0.5835929278238837,39.04586625386237,0.8938388389569246,0.5365734179709521
91394,60.426765977409524,0.48105994401810176,37.82144298405208,0.8257779194390555,0.36371982064905845
91324,64.89553164973441,0.5177130974817148,37.4734703414495,0.8081946352791021,0.4284856661365555
91325,65.98068714627732,0.5072602250660624,37.95428439893965,0.8420418261730651,0.4281628920575225
93063,67.7138685830401,0.4102617377608012,34.99863249465868,0.6930803773328964,0.22981902946967936
91313,91.17556091704269,0.4796630409522747,36.38579006968652,0.7760439773449015,0.4088892157972467
91304,76.6441860503278,0.4772437056047556,37.08887048021721,0.8022042085869533,0.47378985478134694
91306,72.92974713268603,0.5362962228029845,38.07654099872254,0.8447732666761526,0.5454452039492134
91330,52.31729562992633,0.4677786240974914,37.35745721621008,0.8091730272020508,0.7531125722845171
91328,57.08679922871688,0.5370351075569098,37.542384122887526,0.8131115293270708,0.44228426994989034
91402,73.22338795823549,0.6111234800078933,40.7666788202387,0.97817909773954,0.687264184467358
91393,77.36576368839802,0.5990494810513805,39.208236974868754,0.8834608277191245,0.5879576198777672
91329,78.9738863740602,0.7693252743769275,40.75333654504818,1.0528512174254196,0.4904840959252472
91334,99.02297821397772,0.7129838127969219,39.30981110442797,0.9115763553454437,0.6150742082435164
91412,75.16209789069012,0.6130591828586508,40.894903737354,0.9797057637645498,0.7636830834641822
91605,79.91765482217251,0.6851975542857536,42.31825000089267,1.056087880535247,0.586173456054154
91353,85.98561053589513,0.6600692610579535,39.4632489513393,0.993331780583933,0.8023749420919257
91606,79.1429106628904,0.656489306822779,43.96644411928071,1.081716730818892,0.5036374270295765
91615,97.49008933517307,0.7359798877267907,41.91715036175157,1.074343209039484,0.5322595727897951
91405,71.2668088966387,0.6424361901830707,41.62533140064497,1.0431093096626722,0.6435906725265481
91401,72.7592928711677,0.6713201200806261,42.917723434595175,1.0557687833918663,0.45394221609727453
91607,87.63362093679308,0.7757338055768668,45.10635419962371,1.0937678090728338,0.29640870648843376
91611,78.9738863740602,0.7693252743769275,40.75333654504818,1.0528512174254196,0.4904840959252472
91612,78.9738863740602,0.7693252743769275,40.75333654504818,1.0528512174254196,0.4904840959252472
91609,90.74062245020757,0.7276079812095793,44.83643244028522,1.1271204087695508,0.42342050934066444
91601,82.89314372962747,0.7542153646098979,45.020904865465724,1.091002059490667,0.448467009842163
91617,89.13593666287792,0.7284710607012415,44.68375943043145,1.061641145478043,0.23083377611290065
91423,87.76854543433926,0.8074471426114458,43.492890782554944,1.113497292716598,0.2440314126070571
91604,84.9334463745865,0.8585841358037865,45.38798023977371,1.1208651972787904,0.2095202551960902
91602,97.4891476857497,0.9277311876724297,45.473668305132556,1.1478055679160184,0.27138814454671223
91603,71.8138614770618,0.712757542273148,44.78568189217265,1.065767270741885,0.4844924672547478
91406,85.52884891536307,0.6730580593929516,41.52230350364591,1.0877837468357294,0.5690094218228458
91409,95.548649736523,0.7932153151054745,43.08987485418035,1.2470769060770563,0.723685582895998
91470,78.9738863740602,0.7693252743769275,40.75333654504818,1.0528512174254196,0.4904840959252472
91482,78.9738863740602,0.7693252743769275,40.75333654504818,1.0528512174254196,0.4904840959252472
91411,81.32541519976077,0.7015713478075895,42.13634079862384,1.0846563583831241,0.4830869894866494
91408,77.02734414770947,0.6347229657636899,41.482839109821356,1.0365711818076953,0.651263452883191
91404,76.97684388572323,0.6349453690226501,41.5114613379856,1.0369316810158589,0.6528182463575307
91407,77.06463938076773,0.6345587174796296,41.46170114680796,1.0363049475059911,0.650115213592893
91403,93.45735075946489,0.8933472700757047,43.47546448090147,1.1603736205659914,0.2298941992858332
91413,98.27348488410769,0.9215512969932981,45.48907750396225,1.1666100068569358,0.2614010509989882
91496,78.9738863740602,0.7693252743769275,40.75333654504818,1.0528512174254196,0.4904840959252472
91495,78.9738863740602,0.7693252743769275,40.75333654504818,1.0528512174254196,0.4904840959252472
91335,69.14365102496606,0.5548432761980896,38.84298451474535,0.8850578830480743,0.5168914557019366
91337,67.543051605227,0.5808883613904348,39.74994714681435,0.9216388871874682,0.5827932310537186
91316,88.85942634029846,0.7708125504572749,40.387354754990106,1.011936420693413,0.2595432620702082
91303,79.19105032608725,0.5525950594406854,37.99535455866888,0.8614740071413748,0.5655319605465515
91396,62.497992078685954,0.5462803550024404,37.94511363521828,0.8391074100913782,0.5630808174900116
91307,68.94195599741404,0.3684063624824365,35.00041304538164,0.7243079127308297,0.2675250835705739
91309,94.31234402442308,0.5256257384070397,37.8253031447623,0.8300630211219442,0.8386454391367287
91308,75.18280810304572,0.39111291697521,35.80371889245242,0.7354629003840956,0.25396682994433295
91305,92.47076486333134,0.5534447573410612,37.65307543178628,0.8423081174199409,0.749720522048628
91367,82.52661351689834,0.6130437992968908,38.46342819205173,0.9101378363656517,0.30834724077295594
91371,78.9738863740602,0.7693252743769275,40.75333654504818,1.0528512174254196,0.4904840959252472
91365,84.30755419762065,0.628769443557087,39.40054660012345,0.9469263901569706,0.3332321010386215
91364,83.3758464662839,0.5856641937241878,38.3652284881266,0.9025441403812237,0.22258768354728825
91302,52.388780407662516,0.35069345954735065,33.61557031068411,0.6838932543308855,0.17148076953091493
91356,87.94970475705604,0.7379162812390823,39.953796353720385,0.9972195644845027,0.2947986666700993
91416,89.93308424215002,0.7248796063678777,40.1314430940198,0.9994508375489172,0.30215064499550043
91357,97.58476431923734,0.7475060110994975,40.52163531877552,1.0478430157260057,0.26186822712841773
91436,74.9532654987046,0.66197965634688,41.14568858605168,0.9976832908076113,0.15258131450794277
91426,83.43199760173904,0.6602528833194938,40.9658386567528,1.0012506666933905,0.1614464754655185
90049,74.84521855440168,0.6942816032382428,41.270222008516846,1.1101885926033856,0.16178949271910054
90077,63.28405979484964,0.6131202793050692,39.5378620773525,0.9909008029269293,0.16070336924137557
90210,67.42155166388581,0.7363526859105046,43.8988161340016,1.2503697321230849,0.1628803387247712
91610,96.92600153199044,0.6991144499647234,43.8622632116843,1.0175858629630568,0.22447868079048386
90046,86.36561231055855,0.8913253773728915,45.4847483747045,1.3623389351082746,0.26469514188988497
91608,78.9738863740602,0.7693252743769275,40.75333654504818,1.0528512174254196,0.4904840959252472
90068,81.71651731264498,0.8110038221671085,44.73523274498791,1.0890266559614934,0.230054664506691
91614,81.2464745112604,0.8682803008523052,46.034804625182126,1.1302900642556066,0.19135729369353077
91105,88.74259239425352,0.7182432944042269,42.739282357563845,1.000409116358947,0.2791492031057972
90041,84.09921780009402,0.7688209462659882,42.88446555271682,1.0106410230658067,0.4317967339989364
90065,81.22510501437806,0.9683562767232117,45.667892317668475,1.1563421823717372,0.5615986311921688
90042,70.9834007188755,0.7864881617444849,43.782738944577524,1.0605659459196468,0.601853572525976
91030,86.93139943289215,0.7620886891966107,43.80036750854287,1.054757045138676,0.348652661154722
90050,60.918883688997255,0.7157298937378179,43.09032947783182,1.004444122044988,0.5708329257009385
90031,90.05962398117569,1.1277270274598201,48.08275713317282,1.2793154711161603,0.7366721814432738
91205,87.49436642229104,0.835076877452174,45.512799155498485,1.1185205953909918,0.4279315455831332
90039,89.71950034892772,0.93065430489,45.93614237458727,1.1471488910180383,0.38673847475323586
90027,80.8028404294422,0.8743152187469406,46.481063733712425,1.1674666348836114,0.3415947208826509
90072,75.1917132232528,0.9210856915854396,47.07599040675555,1.192544352665883,0.3637344473570025
90029,89.43308875949096,1.0753323068677443,47.83991747088139,1.2746657566230493,0.594797737348191
90028,93.24824379089625,1.0682204623041156,48.77388459661526,1.3751705835489303,0.4884886266645608
90093,92.48055907258231,1.0068873607140147,48.62475156752657,1.3496496776951057,0.4423726906079433
90078,92.48055907258231,1.0068873607140147,48.62475156752657,1.3496496776951057,0.4423726906079433
90038,93.37697665865109,0.9549317636424568,47.636034307334455,1.2777541797058567,0.5545244929233629
90036,79.03633210100986,0.8653223465112947,47.42967886042497,1.364364603455972,0.3023454746755842
90004,87.25532219247842,0.9216457461249247,47.51235065682693,1.2153643401947913,0.5812786499113016
90069,85.48900010210369,0.8766029721451095,45.95187453747742,1.4100843122850217,0.21908244378641778
90048,86.915991536902,0.828607244929003,46.878047523595164,1.4065953920797765,0.2276019239557673
90026,89.861115118177,1.1520903753639884,48.95546397780682,1.3103527626362526,0.5337888894310693
90012,94.6329785165443,1.3935942132541965,53.5531782119884,1.6252701198731045,0.6794360659005463
90032,81.38872036987189,0.8800459755416695,45.0765942549835,1.1003595834523023,0.6887389095886771
90033,89.34922326096658,1.4154895226032749,50.86738984838887,1.5338611549869396,0.813949706389188
90063,82.82140347600975,1.1928197074861402,48.319591107262966,1.2941420475557388,0.761863791483114
91801,82.97343267567967,0.8153032937492899,44.89325363991138,1.0813613656676588,0.6355335082705943
90089,99.2932473108986,1.210224512188245,45.58600148044383,1.274469838520902,0.7343016381316982
90023,97.15702719349844,1.3847426584637563,52.21526273159072,1.4924829993343003,0.7930169048110733
90086,90.81595210592936,1.3614885236450047,51.80382677273465,1.4878685794265272,0.5094917731605327
90058,87.54032083454793,1.051855860475301,47.931490391604235,1.3722016845272698,0.8173470181341776
90021,93.14531493466622,1.464836757400729,53.74265304998215,1.7557393121650517,0.6097075922502416
90013,86.92536641111286,1.467375923572916,59.31217956520964,2.0055089836402344,0.5739860108025685
90014,85.1753016407394,1.4528505382481682,60.60413152329214,2.0723580508116073,0.5994928270700369
90015,96.98951097122688,1.4002923068016018,54.62096452310155,1.7054120947747837,0.6598021344817125
90053,99.7952199335176,1.3488632195652208,54.93750867911648,1.6652930118019604,0.6256540329870608
90071,97.35487106162267,1.427719278662285,60.39796020701492,2.0405308798235673,0.5155445135935227
90084,78.9738863740602,0.7693252743769275,40.75333654504818,1.0528512174254196,0.4904840959252472
90017,92.40433389752607,1.3386196906464125,55.07124843721238,1.6711011583960824,0.7409685844273624
90074,78.9738863740602,0.7693252743769275,40.75333654504818,1.0528512174254196,0.4904840959252472
90081,98.1781292699878,1.436720441321688,60.78955249134788,2.059025311711568,0.485407690429844
90079,78.9738863740602,0.7693252743769275,40.75333654504818,1.0528512174254196,0.4904840959252472
90055,95.96526856193985,1.3659933589839732,56.0409402015612,1.7630078002430658,0.5476804361889074
90057,86.95027345335973,1.1588114817915867,51.66795973034088,1.4161588984013604,0.7949180349015302
90020,74.1557675644689,1.0276018738207084,50.583380222409204,1.3785468080662637,0.6539345122670404
90005,83.06200124585338,1.0181200268138508,50.77260847938786,1.3923551044507618,0.7072037827028652
90006,85.11008181919985,1.0616636636555916,49.88637524675337,1.3285112823654381,0.8100570077573456
90010,80.91519798410319,1.018756896896669,50.54657912101194,1.3737870326345907,0.6700706044299678
90076,79.96428147556807,1.009723845094954,51.06750580080568,1.4443017818509558,0.667934276388007
90075,79.96428147556807,1.009723845094954,51.06750580080568,1.4443017818509558,0.667934276388007
90070,79.96428147556807,1.009723845094954,51.06750580080568,1.4443017818509558,0.667934276388007
90019,81.86568455793609,0.9129698476328029,48.01691025186476,1.2940118778354566,0.5706128810670149
90035,80.58491901789819,0.8337963342175974,45.693485674766606,1.3146572449219383,0.26879685594663894
90018,88.82568206311537,0.981032302403643,46.366413544105626,1.2581099784142236,0.736569989279187
90016,91.20102610304141,0.9613995159258742,46.86813917650528,1.3568896332725688,0.6794165665037005
90007,92.2271787228805,1.1897530189499947,48.08502108490271,1.4064061828403964,0.7693448089999955
90037,88.7256483799127,1.087985863023316,46.31496742151322,1.3348479240149038,0.8230950066181135
90011,85.88389724983686,1.0856061920073552,47.515493412413576,1.347554876857635,0.8481245841548956
90062,78.40608725972162,0.908111977427595,45.11981645954888,1.2426354184845247,0.7529468923137131
90082,99.44016337229175,1.2035781035970097,46.70908793394215,1.3874962166160634,0.8401280682964245
90047,78.05615415222634,0.9261596466219592,43.86676468579073,1.583579356837099,0.6938888439826689
90044,86.65283321614655,1.136672228827246,45.484886650261195,1.461694917281787,0.7908378385614914
90003,91.14788489364793,1.117199574586545,45.92741652618997,1.416786540018033,0.8347100970884265
90008,78.17999133990999,0.8211252082536841,42.246560273437076,1.3771224350731457,0.6654504134744168
90056,80.79573333941583,0.8363266034730472,43.76967648368373,1.5472225710158476,0.5285812116733218
90043,77.06166396041925,0.8053510571024048,43.7619091697808,1.5224622830121255,0.6501289969337005
90305,71.24539322226929,0.8646880071612855,43.28092161278038,1.8523026912841283,0.598248609917215
90001,79.58889300298623,1.016898793082242,45.87371070311247,1.3518069337520555,0.8166042322810383
90087,81.65559336097901,0.9788916614028278,46.13668638811395,1.3369209779870093,0.8352051309958789
90060,81.65559336097901,0.9788916614028278,46.13668638811395,1.3369209779870093,0.8352051309958789
90054,81.65559336097901,0.9788916614028278,46.13668638811395,1.3369209779870093,0.8352051309958789
90030,81.65559336097901,0.9788916614028278,46.13668638811395,1.3369209779870093,0.8352051309958789
90051,81.65559336097901,0.9788916614028278,46.13668638811395,1.3369209779870093,0.8352051309958789
90059,88.71015466591311,1.100953940844147,41.804603735179704,1.237928972110237,0.8029466786154507
90052,78.9738863740602,0.7693252743769275,40.75333654504818,1.0528512174254196,0.4904840959252472
90002,84.28789945185436,1.0104359733521655,44.7937173983572,1.3582134116055224,0.8154269794113795
90061,93.67829191615438,1.1906711674835508,42.458472000054016,1.295852783409587,0.7416960202795284
90272,71.56759518006336,0.5447742615968061,35.68742785470043,0.8458268288164525,0.11882920138479784
90265,60.23078218483997,0.2777475841970663,26.89330641825499,0.5746618456589819,0.1625642424619808
90402,72.96559118153395,0.6245507846197308,37.669049775321604,0.9302043561998516,0.16446370740055377
90025,90.43962711114705,0.9224796341721377,46.282992945693856,1.3981801428563956,0.34740764150956094
90024,76.68332144480854,0.8289079029483188,45.98485477558104,1.3430704397278053,0.39262789396618947
90095,67.80569101259904,0.769012695183938,40.40330694671073,1.0533796081586146,0.3714635376987807
90067,89.29429775555835,0.8457156876748169,48.56440230086885,1.536228766738548,0.20917320644828252
90064,91.44937751366571,1.0045234459938819,47.53312182369424,1.3926170719162145,0.29298456777470316
90034,92.7937427876862,1.0829735381111667,47.42494587168396,1.47735695530112,0.4076413101144067
90212,86.7361207719242,0.7833483173571729,46.71205829067004,1.3837509197180955,0.19244837214088278
90232,84.20921029735473,0.9305105846758531,45.8416455850675,1.411390872076636,0.3180786519667355
90066,87.75043347530524,0.933647413106273,44.5564611820087,1.513290268675907,0.38471531453986074
90291,82.63974076102038,0.7631992206198331,34.76905686193104,1.0305120265553205,0.24790814792311353
90405,85.6929152762589,0.8211754549262001,41.3461004843282,1.1147776782921182,0.2736380269675522
90294,75.75456722227852,0.7170045580104357,32.26320311365923,0.9384024245544298,0.2488799293565657
90292,56.05097117661535,0.7445840910334435,34.68653051320499,1.1140478939385274,0.23487814530609
90230,89.90096002697322,0.9181745337253757,43.465891511462125,1.5394638152354274,0.3684117868816285
90094,95.25626669601095,0.7895946575457873,41.48887394521618,1.6851899715839715,0.321986293160606
90045,83.9578448757385,0.879493987467338,46.97486035224516,2.366286629889074,0.2977972982956164
90083,92.62754932425307,0.9412527340794401,47.54644872733988,2.339442450849881,0.24228014442491355
90293,79.27888462221078,0.6852211321682643,41.70686268977111,2.2648466561418497,0.2644421991118848
90301,88.67534555764588,0.9566929214222529,48.148219846890115,2.53245253630676,0.7269857686599748
90296,75.22627099439727,0.6633456029999045,35.173177143440874,1.237462994032006,0.16312388810616138
90247,85.9586294610222,0.9048668888763531,37.680035849774185,1.067244991556811,0.6731533698923251
90248,89.82044504989135,1.0293630799165867,38.143559796754374,1.077428886716404,0.5815251261456714
90501,84.22272348891472,0.8399357489424825,35.762925600633835,0.9038716285343289,0.5079141796515313
90502,94.6559102114973,1.0575588722862876,36.660857117934086,1.0010094863236498,0.5560497066206086
90710,89.44728148304046,0.8948550410364272,33.33730935430745,0.9174790135778471,0.6273823035874236
90717,87.74755121670958,0.7033153069716596,30.46931667355692,0.787521222725432,0.39206047211022427
90744,87.75970484608234,1.172168659877621,37.110280461129115,0.9620103070773962,0.7379862892910451
90745,82.92771661321169,0.9898145321604761,37.0461970080324,0.9276541824535399,0.6084981208393989
90748,82.58102632736926,1.1388359769547702,38.57702537880952,0.8989976053755463,0.7132804102409931
90731,80.047016136584,1.2402576107267207,30.171121644471846,0.7593826334477467,0.5255227364906591
90732,78.22908803195641,0.9252158018792556,28.53691152508371,0.7053348144460928,0.3171985242436316
90275,65.09988689349413,0.6283137764026658,26.419184488830005,0.64417877278332,0.2841354535816422
90733,79.85868548050678,1.8298472643812351,32.65572040067907,0.8919838415090979,0.6912858513889095
91020,93.81497011197935,0.4809751564749344,35.020953852569754,0.6834994599017565,0.34394262664028374
91224,97.70780181977388,0.5138992990658138,36.63991401811797,0.8038824368240881,0.32237564417421644
91208,83.43268636990159,0.4571537784684294,35.294327278456606,0.6801586905209198,0.2567996264027985
91011,72.20976714481716,0.3899094419861522,34.3153228532768,0.6431172031600267,0.26313648195832395
91021,97.44664792707347,0.5269096269769955,35.1812999971147,0.6981535316059141,0.372159436922221
91046,87.01779376385643,0.4062052694247,34.69990198217468,0.6543825534180335,0.2999729193617796
91207,86.90706111853001,0.64951141368947,42.936555669697626,0.96294641310764,0.23140641715565718
91201,75.65662458247152,0.7104685588844736,43.460842893719985,0.9947688470593931,0.34136521923424723
91202,77.39187632450222,0.673562172913108,44.203717812224376,0.987084242027541,0.3077256091210072
91206,91.9448326875318,0.7854934443484717,42.742582116450635,1.0336644141312203,0.340122737712892
91222,69.97936887092746,0.6844495518882086,44.71545600976663,0.9880722820414164,0.33151164280933343
91221,84.07540430198281,0.7724530605688604,44.61433995902455,1.034670063513032,0.4072288543877836
91502,87.18601794969904,0.7514600718514137,42.99518537181288,1.0703418743634046,0.43074281363253714
91506,84.64045181930939,0.6396628110382753,42.3453614083022,0.9803654124326433,0.3177072257611151
91203,93.8401683735309,0.8588998012951056,46.026747271312296,1.1387333613559307,0.3991727809709931
91204,93.64377679476142,0.8422140840079637,46.15069339682891,1.160924530869908,0.5124267240506704
91209,84.57323587738114,0.8458424377868957,46.055479750421874,1.185810018216093,0.3951518534351428
91226,99.06080568464556,0.8424544290240983,45.02475425464743,1.103510592011388,0.4425766177274
91210,93.0177781075362,0.8300015532962002,46.22515794422282,1.1671916283906218,0.4419340953524977
91225,94.06744629556427,0.860210689724811,45.68733844652204,1.1349924739094328,0.5823687685887523
91501,69.79367280956225,0.6222056580092358,40.44766801677347,0.9806278817932804,0.28754150318135974
91508,85.41989697724148,0.7624664504988252,41.88885212719625,1.102379791462012,0.37721114236911985
91503,85.41989697724148,0.7624664504988252,41.88885212719625,1.102379791462012,0.37721114236911985
91510,88.04922703818251,0.5586564564747172,39.80639185534928,0.9536118863810508,0.3366557159736245
91507,88.04922703818251,0.5586564564747172,39.80639185534928,0.9536118863810508,0.3366557159736245
91522,78.9738863740602,0.7693252743769275,40.75333654504818,1.0528512174254196,0.4904840959252472
91523,78.9738863740602,0.7693252743769275,40.75333654504818,1.0528512174254196,0.4904840959252472
91521,78.9738863740602,0.7693252743769275,40.75333654504818,1.0528512174254196,0.4904840959252472
91341,82.08969801729022,0.5819707038600112,38.51219810958617,0.8530122275588895,0.7358568566769507
91711,81.69818440294617,0.6776880402194762,39.51810323902126,0.8591837453062459,0.3259482615408372
91750,75.7526163617625,0.5709767221958948,38.237283264868076,0.7999485975054025,0.3499134720029967
91773,77.67359884943497,0.598359700343303,39.82241252164262,0.8335648695526513,0.37166223431632045
91740,86.02162981063628,0.6024401563690784,38.72385221754425,0.7969183758282342,0.39338046313498454
91741,60.101078210913094,0.44093205633065496,35.78128100404729,0.6888468312181975,0.3115231592472706
91702,85.86404406923123,0.6206778652493574,39.71486092444505,0.7816767968892524,0.6284534567033058
91010,73.61626137791053,0.5668816002045289,39.45746857852516,0.7907138326906563,0.5103013112899414
91724,81.63700932344614,0.6724106453353763,41.19482805847348,0.8849777961737793,0.4831283317436306
91768,89.88944779122892,0.6906217920998884,40.45233461915696,0.8757926774461219,0.6906115112921642
91767,83.22585539230418,0.6391398526970373,40.26361571084992,0.8530199463224444,0.6326389803424088
91786,75.37075329927232,0.7354456124558835,40.25940827294112,0.885632937979531,0.36883083430318603
91766,80.43980254464172,0.7281559189011343,41.05748105963824,0.9141980217724107,0.6690840581665852
91789,57.53137359967429,0.6740035491608436,41.628465195990465,0.9283965153750832,0.5343381200227373
91710,85.9708565311895,1.018932354831142,44.2367307011177,1.0721490626779135,0.670557770548142
91765,71.73685145912683,0.7157820662371893,40.327143458922905,0.9133878336638922,0.48577112355218366
91709,84.82729611781153,0.7937875402643503,41.52728326840205,0.9699053668564571,0.4857475735165239
91792,61.04739339813902,0.6728542765192642,42.86122981061904,0.9767517004847702,0.6059120710914908
91788,50.14571140797144,0.6589791061381833,41.7564886955002,0.930027567668587,0.5324544517604962
91746,74.48661221053992,0.7940347690672246,43.703649495208154,1.0238589970738132,0.6536478688095414
91791,75.69968571535898,0.7284955627240629,42.26389171499748,0.9601798788598277,0.5275560638098465
91723,84.29545819639317,0.6995319220527666,42.00352205069072,0.9223463319198171,0.5332603044061338
91722,78.1221368352215,0.7276425091808648,42.01939837152241,0.9329240707333586,0.5328739641001112
91016,80.32749605697019,0.5803593781870086,40.29473069314389,0.8274309351141218,0.43402166714567936
91006,72.62536021605227,0.594360466340708,40.74900462806873,0.8519083619921979,0.4910898397749098
91706,79.46726011075718,0.7951498722698057,43.19556634488539,0.9666210458639737,0.6908621299780823
91790,84.29775241367862,0.7844224350933802,42.77354357292952,0.9882124656514355,0.5768599413925304
91744,70.35091758516292,0.7289991591230325,43.129915761825075,0.9934040314549559,0.6736407851023594
91793,83.77017260397847,0.7764179281775054,43.02745141703216,1.000514206403061,0.5777182959698084
91747,81.8961043099305,0.7324476535512772,43.3045783496308,1.010249572971607,0.6724049905555778
91748,69.6391514262627,0.725385288421932,42.245849590502665,0.9879704980815646,0.5987464288629479
91715,72.14984068136644,0.7898453298542507,44.91400228745552,1.0640390068533794,0.6877884423878067
91745,78.5604711444727,0.7299665096456468,42.202692874648335,0.9805080085648658,0.5422773077597252
90601,80.92130629544805,0.8468966748934552,44.09545106134016,1.1009947058636056,0.5315432938737632
90631,58.77215600284106,0.6817800301504888,39.45320096391334,0.9091795851799207,0.3056823844244246
91769,83.24464374980262,0.6317620255342062,40.58106952208048,0.8638556212964069,0.695050914715153
91008,35.40042037635824,0.44810236125243014,37.2901871335346,0.7198840409129958,0.29703304206213854
91009,96.75381001614679,0.6715886789648058,40.48575968444118,0.8373606766764392,0.5759627642810862
91024,55.12968734151916,0.46330440906571857,38.02988935394282,0.7585504019891063,0.20681968550542879
91025,63.27462665175898,0.477580392399315,39.04537205014875,0.7735375069630962,0.2146074572884836
91107,78.964665665263,0.592998437601046,40.484587730991294,0.8690859837536158,0.36761976410002656
91007,74.22197493965488,0.6214636798632357,41.020171577768174,0.8734404907389764,0.4926497507903105
91077,79.00845072506239,0.635020965258456,41.40645942996615,0.8862191541899688,0.5698393227436973
91775,81.20333194076004,0.6768136061937092,42.269726628637244,0.9450853822249633,0.4878086801874655
91066,82.58030034620683,0.6489577223170311,41.52055692043248,0.9013733242443916,0.5590574734589868
91017,85.33097790975663,0.5596116473203347,40.26889842620712,0.8103849581864068,0.4838993798575219
91731,78.69355255994596,0.8279304974187552,44.258627654787475,1.0192923938896123,0.7460903267554193
91780,71.29313576860069,0.6481109268448991,41.89702176690295,0.9086827681332749,0.5631826283863856
91776,83.77712310076087,0.7970072791929413,44.409269853007615,1.050077918239198,0.6602003819696662
91770,84.14766823463165,0.9034983838732158,44.814625713309184,1.0798186730493502,0.693188310638017
91732,73.00460951475313,0.8439659630914702,43.96065378388943,0.9999068558448121,0.7323248038072421
91734,70.29850403855117,0.8805744690473715,44.67654732949245,1.0352923560990084,0.7545869742776876
91733,78.0898517432383,0.9315909137347514,45.24591044362789,1.0885648036887874,0.7609436515883046
91001,54.95262019582615,0.34603920435845065,34.44972221262053,0.631625782295277,0.4057411150416127
91103,88.40988591148948,0.637820589974315,39.437904378731666,0.8758913128139086,0.6044231031332901
91012,94.59879312961185,0.42789770363377516,34.51257855954585,0.6612130247284141,0.28192950267964867
91003,70.09538856346077,0.361866195359131,34.8233266440173,0.6398357042309473,0.480605696690786
91104,71.79474618069261,0.5723880544366511,40.32030974585579,0.8719961778859218,0.42658800151201465
91101,91.2638489176623,0.787620878074485,44.06551152356316,1.0937550725883014,0.4578062203381032
91109,99.46908366559246,0.8110583205180926,42.96253497079682,1.0264461931019886,0.6171481981680772
91188,78.9738863740602,0.7693252743769275,40.75333654504818,1.0528512174254196,0.4904840959252472
91199,78.9738863740602,0.7693252743769275,40.75333654504818,1.0528512174254196,0.4904840959252472
91102,99.8058575837166,0.9295968950597576,46.122726428371976,1.262424459148596,0.5974671089800616
91124,78.9738863740602,0.7693252743769275,40.75333654504818,1.0528512174254196,0.4904840959252472
91114,71.05414042861078,0.6703931790703758,41.8869245011778,0.9429605243749792,0.7907653288942739
91182,78.9738863740602,0.7693252743769275,40.75333654504818,1.0528512174254196,0.4904840959252472
91106,87.79741025896688,0.7187987894005083,42.92029689429406,1.0148144377621016,0.4259427776016761
91116,99.09935098194093,0.8058793436159354,43.80629579417367,1.079412373912569,0.5006589539245282
91121,78.9738863740602,0.7693252743769275,40.75333654504818,1.0528512174254196,0.4904840959252472
91117,87.3999928887968,0.594437543518774,40.62817987224705,0.872300707654999,0.42823221887933965
91108,78.19606551190388,0.6326989745685553,42.20444091838717,0.95473852538073,0.40496409568651753
91126,78.9738863740602,0.7693252743769275,40.75333654504818,1.0528512174254196,0.4904840959252472
91125,78.9738863740602,0.7693252743769275,40.75333654504818,1.0528512174254196,0.4904840959252472
91115,95.0457445566307,0.729266803357134,43.17263395095827,1.014557730087498,0.2729886163579082
91184,78.9738863740602,0.7693252743769275,40.75333654504818,1.0528512174254196,0.4904840959252472
91129,78.9738863740602,0.7693252743769275,40.75333654504818,1.0528512174254196,0.4904840959252472
91123,78.9738863740602,0.7693252743769275,40.75333654504818,1.0528512174254196,0.4904840959252472
91189,78.9738863740602,0.7693252743769275,40.75333654504818,1.0528512174254196,0.4904840959252472
91118,83.56063617674839,0.6183990471890873,41.87117438889902,0.9418374564284132,0.43272943922838475
91185,78.9738863740602,0.7693252743769275,40.75333654504818,1.0528512174254196,0.4904840959252472
91031,82.36440427734804,0.7101072077810863,43.56776676954273,1.0152589455135086,0.3131953345446157
91803,88.21272920594042,1.0496975237902906,46.45399363796636,1.1914756969002724,0.6195614766151035
91802,75.0552144762046,0.8242399508914477,45.29971689502538,1.0944983081916222,0.6519683138953375
91778,81.72476452126199,0.7343516221318995,43.85567799049255,1.0224691187951145,0.651232564591749
91754,77.84453492559811,0.9834070083718504,46.47461326723125,1.1429058975273456,0.6475969411984511
91755,78.06354528647896,0.9430234604294998,45.83750520308596,1.1142465923617495,0.6720446368763222
90022,90.350617979353,1.136568128170486,49.20399775610315,1.2883233715969975,0.7415665324539422
91772,78.9738863740602,0.7693252743769275,40.75333654504818,1.0528512174254196,0.4904840959252472
91771,78.9738863740602,0.7693252743769275,40.75333654504818,1.0528512174254196,0.4904840959252472
90640,84.15564299286659,0.9978108209909575,46.505422694573966,1.2837348475083483,0.6683782872406044
91756,78.9738863740602,0.7693252743769275,40.75333654504818,1.0528512174254196,0.4904840959252472
90603,79.78905953958034,0.7694693724326669,42.71032078567061,0.9789260374701412,0.3861665080643915
90605,74.72588514131026,0.8071425474286578,42.769330542537595,1.0135362043736853,0.5485486603261747
90602,78.73309275650539,0.8484632195788748,44.20773755720224,1.094171734219457,0.5748021404479933
90660,72.93598268939722,0.9637150710785944,45.246243368568706,1.1860651328685026,0.6284611529108899
90606,84.22342054485985,0.9586531820965869,44.85615518549008,1.1623475623901323,0.589751729633765
90608,80.68415853426272,0.8093702073236718,44.374367744190614,1.1294286576915096,0.6965195020236026
90607,77.4002523358443,0.86075058764765,44.07277038576417,1.0694878362394484,0.41407506547603545
90670,89.83775471004907,0.9648341483861236,44.80449541787458,1.0953079291455692,0.5681589628985025
90662,82.51915126658447,0.9384552263034952,45.44023381717335,1.2019662501259467,0.6234359581127106
90604,74.63580351512185,0.7972209942617001,42.751845495734905,0.9992480324536122,0.5306390400368527
90638,75.29313587932621,0.7950030638849587,41.24829214952885,0.9932456414643505,0.4288488690239139
90609,85.32786800431701,0.7808105311185685,43.2355881882242,0.9924934072359909,0.4228824199152823
90637,80.30624161037947,0.7541461532383599,42.7294564055282,0.9545698242266148,0.422925751921655
90703,87.25825796672784,0.8255265828056145,39.22522192930387,0.9393015525049294,0.49924659490356277
90639,78.9738863740602,0.7693252743769275,40.75333654504818,1.0528512174254196,0.4904840959252472
90650,85.5870021767554,0.9876757407873261,41.71107097470913,1.0448000575115932,0.6068518336660141
90040,94.33236250176134,1.304099051894832,51.45897437827724,1.3487080174444335,0.7405960653505229
90091,87.81261911417107,1.0804554746215642,51.67475478268082,1.3319600512420182,0.6816826982813248
90201,81.32553894649364,0.9235442411479888,45.610184746022334,1.1969903481233433,0.7877135913588864
90270,78.6580634274078,0.9928746540110995,57.66154188442651,1.287022387030177,0.7711485748885414
90255,82.89751275110727,1.0038155511445952,47.3160268912103,1.3708357964541276,0.7798668849505199
90202,76.78110272489711,0.877596033709293,44.81461358588645,1.1361769345950867,0.8103761663669629
90240,85.82998985960909,0.9888087503663536,45.158540125876875,1.1480828455642786,0.5076660262994095
90280,76.05266906568367,1.022581728334096,43.80887820101492,1.253998510198964,0.7152912879829166
90262,91.6642886740759,1.2016420387286268,41.712988675105805,1.1820126439682697,0.7553129599982129
90723,83.58181007857283,0.9715823809472874,41.201944406512496,1.02573898218542,0.7056494731009578
90222,81.38461626304834,0.9422299966617307,40.07788689196166,1.0374403316136878,0.7521793210302693
90746,73.68190742027686,0.9101093979779882,39.24793888827917,0.9318754257660768,0.590201432464041
90220,79.25832228922991,0.9354445585660685,41.08200796710634,1.0337553309878829,0.7224487928330011
90221,89.92569206245345,0.9651882064001299,39.85731461638907,1.006943195177609,0.7775086923121616
90224,88.62960321502509,0.8994211475417385,39.3937678496421,0.9833724853255196,0.772919812475271
90805,85.18656831484059,0.8891967289827519,38.77922336281132,0.9404552954402475,0.6891444864782205
90223,76.6393670342235,1.0237241094826328,40.36169712123815,1.0938460883710983,0.813590314710831
90810,84.74268959852274,1.142398955065702,38.248809814821136,0.9259090340885691,0.671648827699616
90749,86.53033227033714,1.1200082789536212,39.190473920377215,0.9691547350149892,0.5677201799824564
90747,78.9738863740602,0.7693252743769275,40.75333654504818,1.0528512174254196,0.4904840959252472
90895,78.9738863740602,0.7693252743769275,40.75333654504818,1.0528512174254196,0.4904840959252472
90652,82.66403595065846,0.977588090260948,41.257378961791375,1.0532708412189589,0.5983301213745027
90241,76.30128777078313,0.9356638818446258,44.44713903441839,1.0938999300951355,0.5825907568105695
90239,79.86752580901825,0.9415762769050556,44.58769470879325,1.0924004131359886,0.5781442977324991
90242,86.93586214703701,1.0327799481853963,42.99364923890906,1.092147371800449,0.5794636451532404
90651,75.7510563732591,0.9186081199963804,40.70777287514048,0.9861194586899732,0.6524941273568652
90706,81.86009378689145,0.8799449633085691,40.19913868444932,0.9753645155539709,0.58060944736651
90707,76.27276519500687,0.8466530701911429,40.36097481757175,0.9755150730659624,0.715468182497598
90713,70.82837375687285,0.8031379048568885,37.876125372780976,0.8901771211225037,0.3123881920159354
90701,78.82069931634182,0.8242115839456124,39.413765016303,0.9445221966994606,0.5466144001904181
90623,74.37285898764922,0.7843657655551347,37.748848175156326,0.901116948667615,0.4797259298725122
90702,79.68770222444266,0.8295924106730386,39.4300092876005,0.9433678574889649,0.5402376023409341
90715,88.20394094846156,0.8928923458409298,38.02181010730111,0.9284772055189878,0.5723226593582437
90808,71.79373979856234,0.8523075564103351,37.71242399020524,0.9002600899598469,0.2807338804068428
90716,89.49194788605597,0.8495792399735093,37.851942954968614,0.895869335938805,0.7372381067779608
90630,80.67814094213011,0.8192711637633103,37.89355192442283,0.8938960179647638,0.6214128142085191
90712,74.15749299655322,0.821464878976867,38.10786614383926,0.8983738385702099,0.40780437442487605
90711,73.16437261894876,0.8595227873191027,39.6157625722367,0.9486769242603913,0.4052566482752001
90807,79.85888237693003,0.8671346384098967,36.736215871201665,0.885083609986696,0.43715439862507277
90714,75.33488712245973,0.8175090712405172,38.91295353707245,0.9101717026474996,0.35364294943360325
90806,87.51686227650747,1.202594221270125,37.83113462487599,0.9276683953159307,0.6614534805672114
90755,83.49817939617456,1.0051498622133173,36.647465795702814,0.8958860199441816,0.4378790893577313
90804,80.96178166898153,1.0904489854536032,36.747595563115915,0.8992214152584789,0.5300521855113126
90846,78.9738863740602,0.7693252743769275,40.75333654504818,1.0528512174254196,0.4904840959252472
90815,88.68977777915185,1.0367931774251102,37.88853744753699,0.9241886808782811,0.27079361899329907
90809,98.79262300268883,0.9415383436763028,35.8921500084075,0.9074154910269198,0.3856619459144799
90822,78.9738863740602,0.7693252743769275,40.75333654504818,1.0528512174254196,0.4904840959252472
90840,78.9738863740602,0.7693252743769275,40.75333654504818,1.0528512174254196,0.4904840959252472
90813,88.81953898254383,1.4821366137351282,39.36702898153313,0.9973467741943052,0.78021193164337
90802,84.09256942256908,2.0393289420594525,40.21432803245319,1.0060443300749806,0.49595422952549684
90831,78.9738863740602,0.7693252743769275,40.75333654504818,1.0528512174254196,0.4904840959252472
90832,91.28535624115915,3.014924766779558,41.28280856655695,1.0366019181589592,0.36991975767806934
90833,78.9738863740602,0.7693252743769275,40.75333654504818,1.0528512174254196,0.4904840959252472
90844,78.9738863740602,0.7693252743769275,40.75333654504818,1.0528512174254196,0.4904840959252472
90801,86.96401694680374,1.750527498685711,39.94548646447915,1.0152288753318917,0.6661625661808923
90803,78.74956100944,1.0673032173705825,36.63041790123646,0.8868222490238612,0.24990185319804759
90814,76.96937778802803,1.096971253891931,36.7554334035276,0.8779744686486763,0.3274639704399292
90853,75.26939050036484,1.0192055386650885,36.41038821614581,0.8984090177498665,0.23455735368553585
90704,7.952010395156404,0.19517654938265683,16.513215173254228,0.34012037341490486,0.4545676388315383
90303,76.8978185017086,1.0220858837062847,42.94211077088229,2.108655992287185,0.7001251776828066
90310,98.44087312579383,1.5367800279758108,47.1093662423978,2.3104218938823875,0.6121580191750375
90304,94.26311115939143,1.1000269461414762,45.7213446774262,2.629063954149007,0.7179268105684931
90302,84.10451110916762,0.8763726855874442,46.41676242228876,1.8790753270521376,0.698294915726812
90309,89.49387508213513,0.8837802607687696,46.8578451689161,2.030968186400249,0.6624922814648329
90307,89.4664538941054,0.8834321077174385,46.86081758289328,2.0376207802693944,0.6611548039275787
90306,89.4664538941054,0.8834321077174385,46.86081758289328,2.0376207802693944,0.6611548039275787
90308,89.4664538941054,0.8834321077174385,46.86081758289328,2.0376207802693944,0.6611548039275787
90250,83.71453717894379,0.876972740432441,39.61441470676173,1.5165765529236468,0.6155434271916136
90251,88.26317746889401,0.89576105603205,41.9049632640976,1.891655728836904,0.7161448967753739
90245,74.38530483364502,0.64754827270053,44.88210829436058,2.398414198266519,0.2534056976358841
90260,88.98440964373526,0.860545513898154,36.436167903321156,0.9991153494349833,0.6289709330345593
90249,77.36095191598434,0.7582319560186973,36.71974933623526,1.0437160331046125,0.6030318268072965
90504,89.43493287601629,0.9191608790744329,37.8841476515157,1.0396556570631568,0.4724902017780889
90506,78.9738863740602,0.7693252743769275,40.75333654504818,1.0528512174254196,0.4904840959252472
90266,81.35583740401505,0.6333279850237078,35.15237370839983,0.9797445742576214,0.17000526324841825
90278,74.31298014391857,0.7387431020781432,35.1019650665393,0.9148734125569498,0.28228563201148194
90254,83.7662251748447,0.625799787805427,34.196001599451215,0.8828121289106099,0.14598516852152774
90503,84.11132937604269,0.7110504858023098,34.876999909825635,0.8728910988119488,0.3811511463342153
90267,93.94342452786775,0.6413443608838777,34.4437231678577,0.907320962551062,0.19338606083299123
90277,85.40059158443461,0.6119784507713031,32.66899107368549,0.7860033075766533,0.2081320932064946
90505,78.91943931330776,0.6698863078446488,31.820518760981496,0.7848235690044189,0.31034306704517756
90510,90.3390804563508,0.7260702384263148,35.04891634891793,0.8551271530854141,0.47683833071448145
90508,89.38141777470099,0.8296417491557277,36.305155204451,0.945079649197106,0.4037610757299562
90507,89.38141777470099,0.8296417491557277,36.305155204451,0.945079649197106,0.4037610757299562
90274,56.54406637677108,0.5403324615097566,26.033483896531717,0.6091729585666811,0.21572914138340693
90734,77.04693764122324,0.8609975047173144,29.25399627567977,0.7635410866140857,0.3071051306834683
90211,87.91795382796396,0.8168655004058776,46.98348394734284,1.4215248355857186,0.2260569871138033
90213,92.4060212451978,0.8761083606339245,48.68437392305628,1.5707706288175862,0.21989441255643896
90209,92.4060212451978,0.8761083606339245,48.68437392305628,1.5707706288175862,0.21989441255643896
90073,78.9738863740602,0.7693252743769275,40.75333654504818,1.0528512174254196,0.4904840959252472
90403,89.64723929228944,0.7610693719106172,40.40441945766855,1.0783964543693676,0.2187086476895426
90401,96.70186481680965,0.956196642461013,42.7032408856212,1.2556460520884603,0.34966264866426494
90408,95.13195050639501,0.7445366603610846,40.61245548018615,1.0599910014534664,0.20593882426683888
90404,95.26120676625392,0.9816836113613062,42.94927107163114,1.2125594328751295,0.41047743370668105
90406,97.87246857651871,0.9665272602120792,42.7402262260591,1.2805214406725065,0.36285493185934703
90409,83.88694464749949,0.7976727387751029,40.5615171162691,1.091289522726968,0.24464696400059358
90231,92.67074823374674,0.9400495105350544,44.47112576899527,1.5165019675921207,0.3237005031471244
90295,44.608187887072944,0.7160995811236177,32.36601466676977,0.9650358219280496,0.22957150368063772
90290,43.929112669550065,0.3006674326073091,34.33201981268127,0.6837275488929919,0.14824372261249014
91372,72.22648339290726,0.3842988340529782,34.31774919266605,0.695936682407602,0.1809225934422261
91301,61.88207334526126,0.34720260331507985,30.95298942099912,0.6729277723668594,0.18151230719829076
91362,85.64577629135059,0.3954044917366492,30.460117124731887,0.7060679116282764,0.17358127096186493
91361,39.10190380402068,0.3068211542033359,28.92933618885202,0.6243767351750901,0.15319050160472836
91376,67.5754781126969,0.4426183815924712,33.826014998073745,0.6973828771270809,0.28762968050577475
90264,57.6519135685723,0.2695275804251735,25.45284387987913,0.5449306762171248,0.1533272125379695
90263,78.9738863740602,0.7693252743769275,40.75333654504818,1.0528512174254196,0.4904840959252472
93591,15.01068054654448,0.09418654154052741,23.96481613301018,0.35624020760573344,0.6216629753283723
92301,2.951937448604214,0.0946024295825907,23.692997342319725,0.3449981524644525,0.6063448263695357
93544,27.61561297113676,0.07379504775406168,20.97799925981401,0.27323038625553175,0.4586907014019708
93535,52.02611333887905,0.24991946833474918,27.959163637474152,0.6044338482824507,0.6542909134183725
93552,49.69823115128572,0.17929896465219555,26.136456698642625,0.45610946237772626,0.6408071827735323
93534,64.17778939902318,0.2683130541320115,28.06258338637118,0.5893594792147566,0.5961853435829187
93551,49.177988278999365,0.17466830528218263,26.503999230454635,0.4906780539183121,0.4192916105620176
93584,77.24276964018684,0.2956088001871175,29.14371373397575,0.634727240301991,0.7598090072536088
93536,48.5440476843061,0.19287942417764734,26.760634939340964,0.5233335934698257,0.3888637886461884
93560,48.79296214992089,0.130929587110429,25.5120756517512,0.4688538761980025,0.3495721652696127
93539,79.24641934324424,0.2653300004141354,27.6623855600789,0.5757377034231117,0.4777696174726083
93586,49.25651294950031,0.18034379296997816,26.960691906693043,0.5441375777806572,0.39734211488131804
93532,44.17038446935047,0.10070925939959187,27.993850903975577,0.49574242662880064,0.38271252535504
93243,37.11478766337251,0.09374985730138417,26.62944662017532,0.45186737008592986,0.36926875530174563
91390,29.431663540879992,0.2124410436159618,31.51085022474666,0.5319941405182881,0.235029743892295
93543,31.76122511490661,0.08515039328483384,22.980586977558335,0.3302335412698641,0.6258811652457116
93553,27.647484042829646,0.07424519617434758,20.9730163005321,0.272993158027732,0.4564020521826274
93550,57.14577944449961,0.21269036617800602,26.621536258576896,0.48564134276259663,0.7113236156834871
93510,50.24183807521173,0.14463381381673307,24.610981522005346,0.36102768499471083,0.24726872561036903
93590,69.43035293567073,0.2188030593108482,26.8091990711271,0.4911180172025895,0.747210701490782
91351,62.11154700183599,0.3162323759537397,34.121754707798594,0.623740742756845,0.4401124327445595
91387,82.84294106208523,0.3881198001002579,34.023129094717305,0.6387957798819777,0.44349968237950216
93563,14.351910477557539,0.10506306386421613,22.046166232790775,0.2978492127976995,0.3859620390028953
91350,53.85753204459942,0.2816793752050139,34.136314459265336,0.6053075092602622,0.2872484104058339
91321,70.8399325944569,0.36574916213806413,35.05875261223783,0.6586418883988447,0.4552933700900721
91386,91.64232249137949,0.5165418479371628,35.177041925288925,0.7131485911015286,0.653375313299743
91354,43.8957051321806,0.2899543423528977,34.25243536912677,0.621129889522598,0.2778826191674875
91384,62.26906429844025,0.22002929190592882,31.650978596359778,0.6148853170010176,0.3090730112611298
91355,62.724991222379124,0.3524689518570816,35.22198623228594,0.6554821766875629,0.2671135705354031
91310,19.418961548543948,0.2057302870179537,30.6547054183282,0.61608232983151,0.4914885062326812
91383,78.9738863740602,0.7693252743769275,40.75333654504818,1.0528512174254196,0.4904840959252472
91380,45.01005228127611,0.333996170664163,34.94019627594235,0.6576445278875203,0.25454390958921
91322,73.68446516219751,0.3852227039288984,35.65962525446125,0.6623830703374005,0.3870037402655501
91381,59.04441472868674,0.25964768264035115,33.153020003733985,0.5817956353278324,0.3035771449584643
91385,63.67891575308676,0.400248352512668,35.501898986727426,0.6682923659785309,0.23192499230056013
91023,4.864055607945446,0.2150163655042715,29.88767664016797,0.4551366119626208,0.2605110054816327
92397,7.592926241416902,0.1208685750724342,22.606893135317776,0.3108939522450252,0.3510464934428542
93599,78.9738863740602,0.7693252743769275,40.75333654504818,1.0528512174254196,0.4904840959252472
90009,97.68060287005235,0.842781737872077,43.43032920840625,2.499710195063927,0.0
