ZIP_Code_of_Residence,Total_Births_2018_2022,Total_LBW_Count_2018_2022,LBW_Rate,avg_traffic_pct,avg_diesel_pm,avg_cancer_risk,avg_resp_hazard,avg_ej_index,svi_score,socioeconomic_status,household_characterisitcs,race_ethnicity_minority_status,housing_type_transportation,educational_attainment,homeownership_rate,poverty_rate,white_prop,black_prop,asian_prop,hispanic_prop,insurance_coverage_prop,log_median_household_income,combined_noise_mean_db
90001,3936.0,308.0,7.825203252032519,79.58889300298623,1.016898793082242,45.87371070311247,1.3518069337520555,0.8166042322810383,0.9468,0.9871,0.8586,0.9909,0.6483,5.4,0.3483121276752224,21.13716783459377,0.2824533407340595,0.0744987164365503,0.0060362173038229,0.9130992853673768,0.9997745091237078,10.962977789850388,56.810581296467994
90002,3839.5,324.5,8.451621304857403,84.28789945185436,1.0104359733521655,44.7937173983572,1.3582134116055224,0.8154269794113795,0.9784,0.9901,0.9554,0.9926,0.7503,5.1,0.4083608698993314,23.98885290351736,0.2317165022218874,0.1573209309331927,0.0115048580251562,0.8240942984107855,0.9998493635610454,10.900823566261408,57.588403495615594
90003,5583.5,439.5,7.871406823676905,91.14788489364793,1.117199574586545,45.92741652618997,1.416786540018033,0.8347100970884265,0.9819,0.9924,0.9513,0.9921,0.7833,4.8,0.2701271186440678,26.84740882917466,0.1717983578588185,0.164640648325869,0.0046651738110471,0.815459053103007,0.999760076775432,10.84495858294058,60.22262752207088
90004,2642.0,211.0,7.986373959121877,87.25532219247842,0.9216457461249248,47.51235065682693,1.2153643401947911,0.5812786499113016,0.9,0.9398,0.4368,0.7972,0.9641,26.7,0.1646201240942422,19.24260194108748,0.2892764264953342,0.0445158329508949,0.2478880900175071,0.4658949909064641,0.9988441860860402,10.975413575941731,56.03584524467294
90005,1537.0,140.0,9.108653220559532,83.06200124585338,1.0181200268138508,50.77260847938786,1.3923551044507618,0.7072037827028652,0.8825,0.9082,0.3308,0.9054,0.978,26.3,0.0783404588426567,23.58955342480267,0.1952375907188642,0.0531334428140064,0.3259257297240027,0.4927424908618954,0.9973777612968162,10.804177218181632,54.01258679515594
90006,2755.5,211.5,7.675557974959172,85.11008181919985,1.0616636636555916,49.88637524675337,1.328511282365438,0.8100570077573456,0.9708,0.9556,0.6541,0.9524,0.9977,16.1,0.1064397905759162,22.764356855265948,0.2338772338772339,0.0294730522003249,0.1831249558522285,0.7245532245532246,0.9902345129617856,10.770567031595473,54.95020595050548
90007,1275.5,123.5,9.682477459819678,92.2271787228805,1.1897530189499947,48.08502108490271,1.4064061828403964,0.7693448089999955,0.9538,0.9953,0.4154,0.8459,0.9774,16.0,0.1061501597444089,33.1626182811433,0.325821871036972,0.0862111013559652,0.1885913569407862,0.5391912984099112,0.9997805092186128,10.500289017309388,57.841758506316204
90008,1625.5,168.5,10.366041218086744,78.17999133990999,0.8211252082536841,42.24656027343708,1.3771224350731457,0.6654504134744168,0.8175,0.8386,0.7016,0.9518,0.6327,17.7,0.3152307064107799,18.23981134357238,0.0946003144273793,0.6363224089974604,0.0299613012456161,0.2630910630064095,0.9993046317571652,10.96612718074542,55.99239640537296
90010,159.5,27.5,17.24137931034483,80.91519798410319,1.018756896896669,50.54657912101194,1.373787032634591,0.6700706044299678,0.4673,0.4667,0.0585,0.8414,0.7283,37.2,0.1654766904661906,9.84468339307049,0.1918757467144564,0.054958183990442,0.6630824372759857,0.0786140979689366,1.0,11.434466502509908,56.17447482719524
90011,6908.5,562.5,8.14214373597742,85.88389724983686,1.0856061920073552,47.515493412413576,1.347554876857635,0.8481245841548956,0.9702,0.9982,0.8841,0.9887,0.7306,5.0,0.2671830812738227,26.982704965956884,0.2418475698308217,0.0574489353275117,0.006223949001339,0.92104071971483,0.998660907942136,10.855512156361394,55.28498221116358
90012,1044.0,104.0,9.961685823754788,94.6329785165443,1.3935942132541963,53.5531782119884,1.6252701198731043,0.6794360659005463,0.8801,0.9275,0.2329,0.8181,0.9971,24.6,0.064034794245567,18.589643507676296,0.2400988810824876,0.1319542024460057,0.3592766068175904,0.275175644028103,0.7597449908925319,10.975824309791976,59.3804564773301
90013,843.0,132.0,15.658362989323845,86.92536641111286,1.467375923572916,59.31217956520964,2.0055089836402344,0.5739860108025685,0.8649,0.9637,0.2706,0.7303,0.9444,21.4,0.0803238658270145,45.64338109275382,0.3255638582299308,0.2768903818468499,0.140878864742579,0.239391238774251,0.9997257832316446,10.120733748584254,56.846317963106316
90014,299.0,77.0,25.75250836120401,85.1753016407394,1.4528505382481682,60.60413152329214,2.072358050811608,0.5994928270700369,0.9187,0.9456,0.5423,0.7331,0.9728,27.0,0.0347540983606557,35.55483662245228,0.3354901326431576,0.2075919335705812,0.2383263237355764,0.2557963981451526,0.9980588806211582,10.186785026670083,55.02791610001124
90015,1189.5,130.5,10.970996216897856,96.98951097122688,1.4002923068016018,54.62096452310155,1.7054120947747835,0.6598021344817125,0.8374,0.9146,0.2225,0.8584,0.9432,30.0,0.0862283844835644,25.354151991860373,0.326054629412225,0.0905924708460515,0.203373248806449,0.5243797448540346,0.9996478046489786,11.03422815495576,59.19344732898584
90016,2437.5,200.5,8.225641025641025,91.2010261030414,0.9613995159258742,46.86813917650528,1.3568896332725688,0.6794165665037005,0.8462,0.8947,0.5927,0.9042,0.7746,20.2,0.363786148514289,15.286731911475618,0.3077004375488807,0.2753810057282969,0.0446215307869538,0.545688980954998,0.9988585681371408,11.052317557364857,58.28382998684374
90017,1372.0,142.0,10.349854227405247,92.40433389752609,1.3386196906464125,55.07124843721238,1.6711011583960824,0.7409685844273624,0.9567,0.9608,0.6738,0.8952,0.9676,21.2,0.0541138307283987,35.598525422549905,0.2614592752312721,0.128642971412673,0.176045071989984,0.5718856506920776,0.998365444807679,10.749913604437298,57.68899227789689
90018,2500.5,204.5,8.178364327134572,88.82568206311537,0.981032302403643,46.366413544105626,1.2581099784142236,0.736569989279187,0.9684,0.948,0.8476,0.9275,0.9554,15.5,0.3286002815349776,21.74435849132229,0.2714938474487955,0.2429957112509519,0.0623271473806565,0.5868772295482785,0.9875345705238688,10.985072359626606,58.08815400377986
90019,2962.5,234.5,7.915611814345993,81.86568455793609,0.9129698476328028,48.01691025186476,1.2940118778354566,0.5706128810670149,0.8924,0.9246,0.4884,0.83,0.938,24.3,0.2500424160162877,16.59484935196095,0.304965494024575,0.1788251136172361,0.173405150648039,0.4350614374684396,0.9886719407507154,11.096985688568044,55.68694915499731
90020,1578.0,156.0,9.88593155893536,74.1557675644689,1.0276018738207084,50.5833802224092,1.3785468080662635,0.6539345122670404,0.8345,0.8977,0.2451,0.8907,0.9345,33.2,0.0941054211650597,17.984375,0.1919791666666666,0.07078125,0.4531770833333333,0.3365885416666667,0.9998958333333332,10.920907862260288,53.976200897038694
90021,162.5,49.5,30.461538461538463,93.14531493466622,1.464836757400729,53.74265304998215,1.7557393121650515,0.6097075922502416,0.9491,0.9936,0.3841,0.8068,0.9797,14.1,0.0685400959561343,40.30924128011507,0.2822725638259619,0.2139518158935634,0.070118662351672,0.4804027328299173,1.0,10.297520899681873,58.79409869466077
90022,3638.5,271.5,7.46186615363474,90.350617979353,1.136568128170486,49.20399775610315,1.2883233715969975,0.7415665324539422,0.8947,0.9012,0.8824,0.9824,0.6541,7.5,0.3465773376055928,16.561959249848005,0.3009493818884749,0.0052847366205746,0.0112709869518449,0.9645501738195084,0.9995011458057276,11.084324781459909,58.48981058651322
90023,2677.0,212.0,7.919312663429212,97.15702719349844,1.3847426584637563,52.21526273159072,1.4924829993343005,0.7930169048110733,0.9766,0.9784,0.949,0.9813,0.7978,7.7,0.2634042553191489,22.80623008214013,0.2476771847928542,0.0103685084608824,0.0098298846447327,0.9573365052291396,0.996521387854033,10.876498824619787,58.80226427271576
90024,1215.0,108.0,8.88888888888889,76.68332144480854,0.8289079029483188,45.98485477558104,1.3430704397278053,0.3926278939661894,0.5994,0.6456,0.0435,0.5178,0.9757,36.7,0.3326010805675948,18.98118749007779,0.5474876964597555,0.0457413875218288,0.2595451658993491,0.1309533259247499,0.9998412446420066,11.22326810959768,54.89346766435282
90025,2221.0,174.0,7.834308869878432,90.43962711114705,0.9224796341721376,46.282992945693856,1.3981801428563956,0.3474076415095609,0.3585,0.452,0.0608,0.4476,0.6083,41.4,0.2474961652982044,11.751333588421977,0.6154763780413693,0.0347070607035945,0.2264736996106147,0.1266290035787436,0.9941254585968624,11.547433166233455,58.08370204079793
90026,2775.0,226.0,8.144144144144144,89.861115118177,1.1520903753639884,48.95546397780682,1.3103527626362526,0.5337888894310693,0.8257,0.8585,0.3302,0.7071,0.9606,29.8,0.2373236751810903,17.756951628093688,0.3969028393212802,0.0378112986150782,0.1298615078200991,0.4851858142012382,0.9953527150334264,11.296620973878772,57.370984130290566
90027,1729.5,139.5,8.065915004336514,80.8028404294422,0.8743152187469406,46.481063733712425,1.1674666348836114,0.3415947208826509,0.6474,0.6766,0.208,0.4125,0.8743,38.4,0.2091791289672308,13.49750895900708,0.6401975351804912,0.0349619788480028,0.1180622323223494,0.2198889957171576,0.9918276374442794,11.371661394966049,59.10400527434221
90028,890.0,90.5,10.168539325842698,93.24824379089624,1.0682204623041156,48.77388459661526,1.3751705835489303,0.4884886266645608,0.8146,0.9006,0.3175,0.5904,0.9241,36.2,0.0400510796377989,19.430637144148218,0.4958040152346524,0.0895035827254534,0.1330449938674068,0.287199018785101,0.9960299528758634,10.955322649645309,57.172179882437916
90029,1375.0,151.5,11.01818181818182,89.43308875949096,1.0753323068677445,47.83991747088139,1.2746657566230493,0.594797737348191,0.9374,0.945,0.5295,0.7343,0.993,25.9,0.1156902461826114,21.89962192271061,0.3430113423186816,0.0315737827931542,0.1620537389246442,0.5106063667061098,0.9849923518716268,10.9425090597906,57.33771516404603
90031,1712.5,151.5,8.846715328467154,90.05962398117569,1.12772702745982,48.08275713317282,1.2793154711161605,0.7366721814432738,0.9456,0.9538,0.7457,0.9229,0.9044,15.6,0.3278428093645485,17.889847024588196,0.1909923378807699,0.0218650719491683,0.2908935579464453,0.5903569426275462,0.9894812718583976,11.000248127840765,58.41837713544522
90032,2139.5,177.5,8.296330918438887,81.38872036987189,0.8800459755416695,45.0765942549835,1.1003595834523023,0.6887389095886771,0.9099,0.855,0.8575,0.9161,0.8679,15.9,0.5402547106576302,14.337915821839978,0.2614692186002986,0.0279851161961631,0.1263340834651634,0.7473095519262049,0.9965018604754796,11.246456788917644,56.397535224182974
90033,2459.5,210.5,8.558650132140679,89.34922326096658,1.4154895226032749,50.86738984838887,1.5338611549869396,0.813949706389188,0.9977,0.9918,0.9606,0.9739,0.9699,10.4,0.1972865602278689,26.54286014059385,0.194691008288742,0.0190326303640751,0.0451369216241737,0.904396180883433,0.9903053194837896,10.83202301082672,59.22701375102942
90034,2669.0,225.0,8.430123641813413,92.7937427876862,1.0829735381111667,47.42494587168396,1.47735695530112,0.4076413101144067,0.4959,0.486,0.0713,0.6164,0.8169,37.5,0.2033569534064368,8.868346016236538,0.4582009044514266,0.0937324058771181,0.197471894807577,0.2587312253682279,0.9961315631753872,11.487720471135004,58.158401342809725
90035,2093.5,159.5,7.618820157630762,80.58491901789819,0.8337963342175974,45.693485674766606,1.3146572449219385,0.2687968559466389,0.4614,0.4404,0.1275,0.3314,0.7822,37.1,0.3202276707530648,8.084226358338034,0.6937394247038917,0.071404399323181,0.0664410603496897,0.1331453280691859,0.991990975747321,11.612951779037353,54.30919361035399
90036,2288.5,142.5,6.226786104435219,79.03633210100986,0.8653223465112947,47.42967886042497,1.364364603455972,0.3023454746755842,0.4357,0.5292,0.0498,0.4448,0.7462,44.1,0.1475725206297777,10.82120223795508,0.6021265876488213,0.0633203404661522,0.1914989526158088,0.1364516214567921,0.9961816880120912,11.48845857690216,55.57836563066586
90037,4017.0,310.0,7.717201891959173,88.7256483799127,1.087985863023316,46.31496742151322,1.3348479240149038,0.8230950066181135,0.9942,0.9778,0.9102,0.979,0.971,6.5,0.2513232030049513,26.41462990849068,0.2741659909649021,0.1542627128460558,0.0130458704969303,0.7986650063709023,0.997046218000695,10.863565478378224,58.244263681457085
90038,1013.5,106.0,10.458806117414898,93.37697665865107,0.9549317636424568,47.636034307334455,1.2777541797058567,0.5545244929233629,0.8591,0.955,0.1808,0.7054,0.989,27.8,0.0793564854203728,18.97137138568212,0.4022302441116551,0.0682654848279066,0.0605811501483255,0.5225347582115157,0.9999642589084672,10.9525944213004,55.84723541525898
90039,1319.0,101.0,7.657316148597422,89.71950034892772,0.93065430489,45.93614237458727,1.1471488910180383,0.3867384747532358,0.4825,0.4088,0.248,0.596,0.6199,37.6,0.4697975439761035,8.90808667327574,0.500318651749044,0.0160033989519898,0.204361988386914,0.3111457300665628,0.990228013029316,11.593011248639058,57.262973359610456
90040,667.0,93.5,14.017991004497752,94.33236250176134,1.304099051894832,51.45897437827724,1.3487080174444337,0.7405960653505229,0.9211,0.8357,0.9716,0.9802,0.7248,8.9,0.5341470502760826,15.693893065292675,0.3458907002280598,0.0052369287946617,0.0197651828701748,0.9489821775487794,0.997634935383056,11.036227478431766,59.100433992284266
90041,1134.5,94.5,8.329660643455266,84.09921780009402,0.7688209462659882,42.88446555271682,1.0106410230658067,0.4317967339989364,0.6158,0.3959,0.4786,0.6918,0.8355,33.6,0.5215189873417722,9.643021079764132,0.4192648564669327,0.0202676459164577,0.2523922177889199,0.3496345468027259,0.993008721443452,11.625700425571427,57.63981076445427
90042,2797.0,223.0,7.972828030032178,70.9834007188755,0.7864881617444849,43.78273894457752,1.0605659459196468,0.601853572525976,0.7696,0.7608,0.4218,0.7813,0.8494,26.2,0.4504457757441388,10.564487498098089,0.3544487836215786,0.0216902503761559,0.1421446805633041,0.5778938648543558,0.9962637994285812,11.398277509809317,56.94673821484773
90043,2339.5,245.5,10.493695234024363,77.06166396041925,0.8053510571024048,43.7619091697808,1.5224622830121255,0.6501289969337005,0.9018,0.8251,0.8604,0.9445,0.8633,19.0,0.5307611487275274,16.50885045320618,0.1345448820314433,0.5992217898832685,0.0210521580711185,0.2641416072512988,0.9936123793886776,11.066482100133506,56.653198712430196
90044,6247.0,601.0,9.620617896590364,86.65283321614655,1.136672228827246,45.4848866502612,1.461694917281787,0.7908378385614914,0.9936,0.9854,0.9664,0.9864,0.8563,7.6,0.3043117744610282,26.619860591978988,0.1706536013738761,0.3130114152944742,0.0090817254268107,0.6569754520658653,0.9989796949186788,10.786965794663733,58.3369412689281
90045,1908.0,154.0,8.071278825995808,83.9578448757385,0.879493987467338,46.97486035224516,2.366286629889074,0.2977972982956164,0.2579,0.2591,0.0689,0.5195,0.5156,37.8,0.4791824375473126,7.805850740461542,0.5631884833304963,0.0875665685869221,0.1490650001215864,0.1945383362108795,0.9990759429029984,11.741589748957136,62.70633879741408
90046,1515.5,97.5,6.433520290333224,86.36561231055855,0.8913253773728915,45.4847483747045,1.3623389351082746,0.2646951418898849,0.5532,0.5848,0.164,0.3326,0.7972,42.0,0.2155506949834191,11.652480797176668,0.707348972389454,0.0550965331118953,0.0695038405646668,0.1542869005605148,0.993855096533112,11.377552377466335,54.138292888229785
90047,2778.0,254.0,9.14326853851692,78.05615415222634,0.9261596466219592,43.86676468579073,1.583579356837099,0.6938888439826689,0.8936,0.8368,0.9473,0.9768,0.6866,12.4,0.5401116149284967,17.340996168582375,0.1322605363984674,0.5173180076628352,0.0094061302681992,0.4124904214559386,0.9988888888888888,11.112716519007767,57.9865332863772
90048,1245.0,130.0,10.441767068273093,86.915991536902,0.828607244929003,46.87804752359517,1.4065953920797765,0.2276019239557673,0.3439,0.3637,0.1721,0.2062,0.5603,43.7,0.2890003459010723,11.297829601685368,0.7664494635245701,0.0401254225662632,0.0722159619812846,0.0798099064230072,0.9812356082504532,11.535117392476725,55.81376933588225
90049,1717.0,145.5,8.474082702387886,74.84521855440168,0.6942816032382428,41.270222008516846,1.1101885926033856,0.1617894927191005,0.1181,0.083,0.0927,0.183,0.4473,40.1,0.5444244938393907,5.653424160361819,0.7911164465786314,0.0147407800329434,0.0838381864373656,0.0818559982132387,0.9999441637119963,11.99291036518454,56.93862962653392
90056,323.0,49.5,15.325077399380804,80.79573333941583,0.8363266034730472,43.76967648368373,1.5472225710158476,0.5285812116733218,0.2871,0.1275,0.3911,0.8963,0.3343,34.6,0.578088578088578,7.234042553191489,0.1344680851063829,0.6425531914893617,0.0438905775075987,0.111854103343465,0.9986626139817628,11.723648196284437,55.44739961952709
90057,2451.5,244.5,9.973485621048338,86.95027345335973,1.1588114817915869,51.66795973034088,1.4161588984013604,0.7949180349015302,0.983,0.9731,0.8407,0.9496,0.9745,17.5,0.0300835982573884,27.009885028212636,0.2222434347291162,0.0673072843748674,0.1784820330066607,0.681515421492512,0.9784905180094184,10.74748712239554,55.02807061223092
90058,278.0,71.5,25.719424460431657,87.54032083454793,1.051855860475301,47.93149039160424,1.3722016845272698,0.8173470181341776,0.8556,0.9135,0.8488,0.8992,0.5597,19.4,0.1328200192492781,28.730731387340114,0.437192522138406,0.1653000983929157,0.0049196457855034,0.6920301738274844,0.9993440472285996,10.4368473636067,56.66100706124485
90059,3162.0,272.0,8.60215053763441,88.71015466591311,1.100953940844147,41.8046037351797,1.237928972110237,0.8029466786154507,0.9883,0.9895,0.934,0.9847,0.8667,7.9,0.4634334846874698,23.523599604773125,0.2103569709406906,0.2614577791289807,0.0052950267284842,0.6999569304046008,0.9951103341693902,10.8383841174024,58.750416098656544
90061,1969.5,188.5,9.570957095709572,93.67829191615438,1.1906711674835508,42.458472000054016,1.295852783409587,0.7416960202795284,0.9959,0.9643,0.9757,0.9836,0.9739,9.1,0.4036003130707018,23.37848216155833,0.2249528730014661,0.2666689939258535,0.0083781330726803,0.6936046917545207,0.9891084270055156,10.947942801085556,59.73765207922589
90062,1882.5,192.5,10.225763612217795,78.40608725972162,0.908111977427595,45.11981645954888,1.2426354184845247,0.7529468923137131,0.9111,0.9269,0.8725,0.9671,0.697,11.3,0.4717404611303815,15.575041756144117,0.2171916010498687,0.2695060844667143,0.0230255308995466,0.6428954903364352,0.9994333094726796,11.025523356147826,55.85792967161606
90063,2957.0,223.0,7.541427122083193,82.82140347600975,1.1928197074861402,48.319591107262966,1.2941420475557388,0.761863791483114,0.893,0.917,0.8355,0.9705,0.6744,9.3,0.371646093576761,16.21289032456545,0.2402514997692662,0.005806798954007,0.0186702045839101,0.9389901553607136,0.9995577603445625,11.146301190177828,57.87727104523925
90064,1201.0,108.0,8.992506244796003,91.44937751366572,1.004523445993882,47.53312182369424,1.3926170719162143,0.2929845677747031,0.2591,0.2035,0.1651,0.43,0.4629,37.4,0.5207639740669353,7.254584681769148,0.6167745415318231,0.0238480505470796,0.1888580674988442,0.1439744182462629,0.9951841578055172,11.727464099955116,59.36168683861358
90065,2193.5,146.5,6.67882379758377,81.22510501437806,0.9683562767232116,45.66789231766848,1.1563421823717372,0.5615986311921688,0.7456,0.7228,0.533,0.7286,0.7451,24.9,0.4755555555555555,13.38619506871283,0.3824086241842439,0.01819720694033,0.14796088825534,0.5181637971356661,0.9985076953916744,11.388823758493162,58.24258775212381
90066,2647.0,191.0,7.215715904797884,87.75043347530524,0.933647413106273,44.5564611820087,1.513290268675907,0.3847153145398607,0.4842,0.4105,0.1976,0.5269,0.6999,35.0,0.3671542607074841,6.953935946215507,0.5814524768202135,0.0487421964463817,0.1475564256953936,0.255291640500905,0.9949022939677146,11.51635956170451,56.69703906015184
90067,137.5,27.5,20.0,89.29429775555835,0.8457156876748169,48.56440230086885,1.536228766738548,0.2091732064482825,0.4181,0.2135,0.701,0.2929,0.5226,34.9,0.6515415939499709,6.633999246136449,0.6879004900113079,0.0229928382962683,0.178288729739917,0.0625706747078778,1.0,11.74399750260656,54.37845875030764
90068,906.0,71.5,7.891832229580574,81.71651731264498,0.8110038221671085,44.73523274498791,1.0890266559614934,0.230054664506691,0.2959,0.4333,0.0539,0.2476,0.5521,40.5,0.46396933560477,10.093049753133307,0.7600645651348272,0.0673661222939612,0.0608146600835548,0.1196828712495252,0.9993353589061906,11.484021748113392,57.91494013150083
90069,674.0,66.0,9.792284866468842,85.48900010210369,0.8766029721451095,45.95187453747742,1.4100843122850215,0.2190824437864177,0.2643,0.4164,0.1066,0.1677,0.3893,44.2,0.40702860658259,10.915440259416313,0.8164130705911699,0.0259915190820653,0.0608630581192317,0.0780743327513095,1.0,11.572448303575806,56.08831465676516
90071,33.0,0.0,0.0,97.35487106162267,1.427719278662285,60.39796020701492,2.040530879823568,0.5155445135935227,0.6374,1.0,0.0342,0.8601,0.3233,0.0,1.0,85.94249201277955,0.1661341853035143,0.2779552715654952,0.0,0.4408945686900958,1.0,11.397626840606764,58.419300009135675
90077,368.5,49.5,13.432835820895525,63.28405979484964,0.6131202793050692,39.5378620773525,0.9909008029269292,0.1607033692413755,0.1386,0.162,0.42,0.1592,0.1773,29.4,0.8530489836721094,4.677173360447382,0.7958820538891713,0.0228774783934926,0.0685053380782918,0.0593543467208947,1.0,12.221916466691464,55.601087438116956
90089,38.5,5.5,14.285714285714285,99.2932473108986,1.210224512188245,45.58600148044383,1.274469838520902,0.7343016381316982,0.5251,0.6503,0.0098,0.6147,0.9919,45.9,0.0,0.3121998078770412,0.441402497598463,0.0982228626320845,0.2620076849183477,0.1568203650336215,1.0,11.397626840606764,55.135491359626975
90094,912.0,89.0,9.758771929824562,95.25626669601095,0.7895946575457873,41.48887394521618,1.6851899715839715,0.321986293160606,0.1135,0.0439,0.0869,0.4459,0.4282,42.9,0.3003557513128917,5.937263476578925,0.5859894037507358,0.0747624253637204,0.1785383903792784,0.1457404759902447,0.9940290976368682,11.961041294457935,57.322070887326404
90201,5436.5,365.5,6.723075508139428,81.32553894649364,0.9235442411479888,45.610184746022334,1.1969903481233433,0.7877135913588864,0.9778,0.9708,0.8192,0.966,0.9594,6.0,0.2086960126005139,24.123867387054048,0.437677381377846,0.0167973595139487,0.0068429793764584,0.9386444383711396,0.9959215422456744,10.891019293607526,56.71201273855676
90210,785.5,77.0,9.8026734563972,67.42155166388581,0.7363526859105046,43.8988161340016,1.2503697321230849,0.1628803387247712,0.2012,0.1456,0.4838,0.1246,0.3169,31.0,0.741543139490688,9.092805005213764,0.8303962460896768,0.0166840458811261,0.0574035453597497,0.0596976016684045,0.9991136600625652,12.05690536126838,54.77677865882876
90211,441.0,49.5,11.224489795918368,87.91795382796396,0.8168655004058776,46.98348394734284,1.4215248355857186,0.2260569871138033,0.5058,0.538,0.595,0.3479,0.3853,35.0,0.4053911205073995,11.2619461337967,0.6770199826238054,0.0226976542137271,0.1987402258905299,0.0830799304952215,0.995438748913988,11.65290477502367,54.8719296032411
90212,508.5,66.0,12.979351032448378,86.7361207719242,0.7833483173571729,46.71205829067004,1.3837509197180955,0.1924483721408827,0.3807,0.5064,0.2393,0.2697,0.398,38.6,0.2226883093197154,9.576325705357965,0.7405569341053212,0.0172778237294366,0.1281132248874184,0.0837239224335998,1.0,11.532365281360452,54.32481655312246
90220,3259.5,261.5,8.022702868538119,79.25832228922991,0.9354445585660685,41.08200796710634,1.0337553309878829,0.7224487928330011,0.9626,0.9152,0.9432,0.9819,0.8581,7.8,0.6222465353756382,19.40286348546873,0.1805869534225372,0.2872853913362253,0.01075334514572,0.6602309525264252,0.9997759719761308,11.154835234271214,57.47753442921492
90221,3717.5,262.5,7.061197041022192,89.92569206245345,0.96518820640013,39.85731461638907,1.006943195177609,0.7775086923121616,0.9363,0.9491,0.865,0.9898,0.7393,6.6,0.5386081982840801,17.028338993457282,0.196665323586408,0.189220821581381,0.00991960705309,0.7845507396534853,0.9988104146280627,11.073474318858892,57.63576204793847
90222,2311.5,216.5,9.36621241617997,81.38461626304834,0.9422299966617308,40.07788689196166,1.0374403316136878,0.7521793210302693,0.9661,0.9474,0.8864,0.9875,0.8899,8.1,0.5084033613445378,16.368371642288242,0.2266739347687835,0.2394839647497047,0.0121740710456981,0.7314436267829563,0.9965779352533236,11.137824659843483,56.526536325922045
90230,1500.5,116.5,7.7640786404531825,89.90096002697322,0.9181745337253756,43.465891511462125,1.5394638152354274,0.3684117868816285,0.4918,0.376,0.2683,0.6187,0.6727,31.1,0.5783295711060948,10.876425558506485,0.524293079206374,0.0884861740353069,0.1412591782533979,0.3014841431026402,0.9968442430870176,11.588682077369477,58.83794553080125
90232,791.5,71.5,9.033480732785849,84.20921029735473,0.9305105846758532,45.8416455850675,1.411390872076636,0.3180786519667355,0.3146,0.2842,0.0846,0.5388,0.6199,35.2,0.4299039398579981,7.87059686888454,0.5615215264187867,0.0411570450097847,0.2200954011741683,0.2064579256360078,0.9992049902152642,11.637600253404456,56.515953306444786
90401,294.0,44.0,14.965986394557824,96.70186481680965,0.956196642461013,42.7032408856212,1.2556460520884605,0.3496626486642649,0.5187,0.5942,0.1796,0.2487,0.6941,46.3,0.0615994988515347,19.318181818181817,0.7375668449197861,0.0831550802139037,0.0620320855614973,0.0735294117647058,0.993048128342246,11.406364228735884,58.46142517577719
90402,419.5,49.5,11.799761620977357,72.96559118153395,0.6245507846197308,37.6690497753216,0.9302043561998516,0.1644637074005537,0.1199,0.052,0.3905,0.2181,0.2416,33.6,0.7444002512036844,6.922816519972919,0.7848679756262694,0.0055856465809072,0.0875930941096817,0.1170446851726472,1.0,12.054342367499132,55.474967155339776
90403,1171.5,92.0,7.8531796841656,89.64723929228944,0.7610693719106172,40.40441945766855,1.0783964543693676,0.2187086476895426,0.3035,0.2275,0.1576,0.2578,0.6512,39.3,0.2743417023882425,10.03237589241242,0.7393325585256517,0.0250290552880624,0.0824755105429188,0.1192512037190768,0.9973435165200066,11.723113454244212,54.65697830995482
90404,940.5,90.0,9.569377990430622,95.26120676625392,0.9816836113613062,42.94927107163114,1.2125594328751297,0.410477433706681,0.7023,0.6047,0.4687,0.5728,0.8772,36.0,0.219881814715974,13.551616266944736,0.5572054223149113,0.0922210636079249,0.1231699687174139,0.2823774765380605,0.9691762252346194,11.376062815580356,57.67807224170078
90405,1158.5,82.5,7.121277514026758,85.6929152762589,0.8211754549262001,41.3461004843282,1.1147776782921182,0.2736380269675522,0.3708,0.414,0.1217,0.3462,0.5562,39.3,0.3116428571428571,10.48144990919536,0.7199140135651013,0.0501093361995478,0.0710129350283532,0.1624476483451317,0.9956636151365776,11.52991040080947,56.23941899410917
90501,2350.5,192.5,8.189746862369708,84.22272348891472,0.8399357489424825,35.762925600633835,0.9038716285343288,0.5079141796515313,0.7526,0.6971,0.482,0.8062,0.8146,26.0,0.4666255904703224,11.402106451006206,0.2974656761331578,0.0559055858566861,0.2735094978371262,0.4291893925145759,0.9976020312206132,11.406742388880089,56.88583553596726
90502,827.0,77.0,9.310761789600967,94.6559102114973,1.0575588722862876,36.660857117934086,1.0010094863236498,0.5560497066206086,0.6854,0.5047,0.3621,0.8663,0.9021,26.0,0.6930463063342109,9.669017905588714,0.2240911557243624,0.0742810634834509,0.4014107433532284,0.3479652740097667,0.9578404774823656,11.46717467721322,56.12885220731492
90503,1948.5,175.5,9.006928406466514,84.11132937604269,0.7110504858023098,34.876999909825635,0.8728910988119488,0.3811511463342153,0.4942,0.2246,0.3615,0.6771,0.7984,35.2,0.5109119478554385,5.702348690153569,0.3814363143631436,0.0413053297199638,0.4128274616079494,0.1557588075880759,0.9843947606142728,11.673035495398963,57.0173979303018
90504,1429.5,142.5,9.968520461699896,89.43493287601629,0.9191608790744328,37.8841476515157,1.0396556570631568,0.4724902017780889,0.5766,0.3971,0.4902,0.7552,0.664,34.0,0.6169555517418912,8.827544365235857,0.3010162293341423,0.0348854846048839,0.4118610647656605,0.2454118003943576,0.9988472622478386,11.53050012198674,57.66499827269547
90505,1535.5,122.5,7.977857375447737,78.91943931330776,0.6698863078446488,31.820518760981496,0.7848235690044189,0.3103430670451775,0.4439,0.1351,0.6535,0.6249,0.6362,37.6,0.5618224332176008,6.058430441265808,0.4328436516264428,0.0260948804329817,0.3783067322030154,0.143590876456619,0.9939802286408572,11.59779037327665,56.722147409028636
90601,1681.5,162.5,9.663990484686291,80.92130629544805,0.8468966748934552,44.09545106134016,1.1009947058636056,0.5315432938737632,0.545,0.5526,0.2827,0.813,0.5087,19.6,0.5906400295967443,9.097727198617406,0.3823980174128542,0.0085759937391984,0.0611406397756546,0.6981119770437277,0.99938044151694,11.474278187371349,57.85743738190899
90602,1483.5,127.5,8.59453993933266,78.73309275650539,0.8484632195788748,44.20773755720224,1.094171734219457,0.5748021404479933,0.8567,0.7743,0.6292,0.8397,0.956,13.5,0.3919038583175205,12.166172106824924,0.3199737947512428,0.0221973871825503,0.0283247909360669,0.750549154109985,0.9920228139812708,11.06595062590531,54.504725987066244
90603,1002.5,83.5,8.329177057356608,79.78905953958034,0.7694693724326669,42.71032078567061,0.9789260374701412,0.3861665080643915,0.3275,0.1965,0.3036,0.6918,0.449,20.4,0.7879589296826385,3.964947565005028,0.5118517454388737,0.0049801273763348,0.0615333046018292,0.588756404731121,0.9906622611693722,11.672694617293672,55.844006006752345
90604,2205.0,176.0,7.981859410430839,74.63580351512185,0.7972209942617001,42.751845495734905,0.9992480324536122,0.5306390400368527,0.5263,0.3778,0.376,0.8017,0.6118,14.4,0.644981571955087,5.782133433848474,0.401960045231813,0.0120618168111571,0.0739791431084307,0.6908405578590275,0.9986933031787912,11.467614242260224,55.45834989536473
90605,2112.0,154.0,7.291666666666667,74.72588514131026,0.8071425474286578,42.7693305425376,1.0135362043736853,0.5485486603261747,0.6064,0.5661,0.4264,0.8663,0.5197,14.7,0.6746358889804891,8.525840635334443,0.3241364327612426,0.0114659521568059,0.0630748062857556,0.7639944963429647,0.999493084220436,11.453175460564454,55.24090493991644
90606,1749.5,149.5,8.545298656759075,84.22342054485985,0.9586531820965868,44.85615518549008,1.1623475623901325,0.589751729633765,0.7275,0.5936,0.5591,0.9184,0.8019,12.5,0.7005205320994795,11.88321720213135,0.2740486174606678,0.013021408077687,0.0337673802692562,0.8605794999527068,0.9937888198757764,11.36900890410732,58.46996238842657
90623,610.5,91.0,14.905814905814909,74.37285898764922,0.7843657655551347,37.748848175156326,0.901116948667615,0.4797259298725122,0.4766,0.2965,0.511,0.7779,0.5058,32.8,0.668780971258672,6.031519553797264,0.3170763343926324,0.0484467215772747,0.4975030806148258,0.1968999286594461,0.9996757247551722,11.6084901578379,56.54786221198496
90630,1969.5,150.5,7.641533384107642,80.67814094213011,0.8192711637633103,37.89355192442283,0.8938960179647638,0.6214128142085191,0.4854,0.317,0.5521,0.6759,0.5098,31.2,0.6718720951849786,7.169623280845126,0.409906318517042,0.0333067570261112,0.3733107434721945,0.2035080725533187,0.9981861670320908,11.675129344845082,55.14544144112561
90631,3675.0,242.0,6.585034013605442,58.77215600284106,0.6817800301504888,39.45320096391334,0.9091795851799208,0.3056823844244246,0.7351,0.6018,0.5718,0.7394,0.8696,19.7,0.6004755709094172,9.233464612533302,0.4559683771574192,0.0202131356423027,0.1261293872350283,0.5664311363373103,0.9958299548245106,11.492814590170669,56.144560580565326
90638,1883.0,172.0,9.134360063728094,75.29313587932621,0.7950030638849587,41.24829214952885,0.9932456414643503,0.4288488690239139,0.5374,0.2643,0.6379,0.7371,0.657,25.9,0.762006976120204,6.010396361273554,0.4211825860948668,0.0144899285250162,0.2176954732510288,0.4678145982239549,0.9934372969460687,11.553241731631704,57.84813161505734
90640,3128.5,236.5,7.559533322678599,84.15564299286659,0.9978108209909576,46.505422694573966,1.2837348475083483,0.6683782872406044,0.924,0.8228,0.9264,0.9405,0.8598,15.0,0.4642340293570395,12.837512441005556,0.3100138055029376,0.0088130478055671,0.1362089446816707,0.7814075191832279,0.9930169839791956,11.186682728151698,57.01355214666915
90650,5305.5,350.5,6.606351898972764,85.5870021767554,0.987675740787326,41.71107097470913,1.0448000575115932,0.6068518336660141,0.776,0.6608,0.6622,0.8992,0.8227,15.2,0.6763618530255018,8.9397252483257,0.273967229832423,0.0453801123716697,0.1342478648402184,0.6936548248237452,0.9878999441083318,11.421456896718093,57.83290416368508
90660,3048.5,208.5,6.839429227488929,72.93598268939722,0.9637150710785944,45.24624336856871,1.1860651328685026,0.6284611529108899,0.7661,0.6585,0.5377,0.9569,0.8499,10.7,0.6886888688868887,9.4426666233492,0.308084663991813,0.0102337518883708,0.0351033933821737,0.9045012264258216,0.9930475463361544,11.321026187895164,57.43640999324975
90670,933.5,104.5,11.194429566148902,89.83775471004907,0.9648341483861236,44.80449541787458,1.0953079291455692,0.5681589628985025,0.683,0.483,0.5406,0.898,0.8001,15.8,0.642843779232928,9.92822966507177,0.3095238095238095,0.0259740259740259,0.0830485304169514,0.7377534745955798,0.9971519708361812,11.329711510107538,58.25297766197071
90701,785.5,94.5,12.030553787396563,78.82069931634182,0.8242115839456124,39.413765016303,0.9445221966994606,0.5466144001904181,0.7994,0.786,0.5267,0.8504,0.8349,21.7,0.518064228367529,7.119541787275975,0.2049023834452177,0.0416333066453162,0.4207057954055552,0.3530208782410544,0.9732093367001292,11.43714532629424,55.72716763003009
90703,1608.0,165.0,10.261194029850747,87.25825796672784,0.8255265828056145,39.22522192930387,0.9393015525049294,0.4992465949035627,0.3339,0.1643,0.6008,0.8816,0.2822,35.0,0.7495268138801262,5.158714071431468,0.1573965216686261,0.0849920947014229,0.6055458710017432,0.1410994446020999,0.9975067904487778,11.729970457822567,57.11390357739779
90704,185.5,27.5,14.824797843665769,7.952010395156404,0.1951765493826568,16.513215173254228,0.3401203734149048,0.4545676388315383,0.714,0.5357,0.4571,0.5717,0.9791,16.2,0.3185397279885469,9.811616954474095,0.7595499738356881,0.0026164311878597,0.0075876504447933,0.5384615384615384,0.9955520669806384,11.397593173784854,48.5122032714703
90706,4400.5,295.5,6.715146006135667,81.86009378689145,0.8799449633085691,40.19913868444932,0.9753645155539707,0.58060944736651,0.9228,0.8468,0.8123,0.8742,0.9479,14.1,0.3904841055474756,14.053246885848475,0.2503573616499898,0.1223580763732897,0.1153512354502756,0.6005590157239126,0.9951118031447824,11.230284000614796,56.68112448470463
90710,1326.5,128.5,9.68714662646061,89.44728148304046,0.8948550410364272,33.33730935430745,0.9174790135778472,0.6273823035874236,0.8713,0.7942,0.7879,0.8351,0.898,21.5,0.5413971539456662,12.875676854308246,0.3188937747574227,0.1240687574953665,0.2170658138605226,0.4562270596358614,0.9989461060435368,11.226762238487716,57.91835162991465
90712,1816.0,128.0,7.048458149779736,74.15749299655322,0.821464878976867,38.10786614383926,0.8983738385702099,0.407804374424876,0.2784,0.1778,0.2584,0.711,0.3708,24.5,0.7389384871970961,4.446627789046653,0.4062816937119675,0.1179639959432048,0.1776115618661257,0.3547477180527383,0.9987322515212982,11.68807973132562,57.621502223081606
90713,1475.0,125.0,8.47457627118644,70.82837375687285,0.8031379048568885,37.876125372780976,0.8901771211225037,0.3123881920159354,0.1129,0.1766,0.1686,0.5603,0.1194,21.8,0.8461950123086803,5.3412567249200045,0.5447448925770948,0.0376595520236295,0.1441682196983016,0.302682935405605,0.9994373923133724,11.726495334490108,54.96865532373054
90715,1098.0,103.0,9.380692167577411,88.20394094846156,0.8928923458409298,38.02181010730111,0.9284772055189878,0.5723226593582437,0.6655,0.6035,0.5562,0.8476,0.5678,21.5,0.5226400613967767,8.635257052842618,0.2614444603561029,0.1018187025633681,0.2634015943481789,0.4307604181583847,0.9995703852212516,11.39766050629526,56.916502977490225
90716,867.0,93.5,10.784313725490197,89.49194788605597,0.8495792399735093,37.85194295496861,0.895869335938805,0.7372381067779608,0.8848,0.7971,0.8708,0.9456,0.832,12.0,0.470669237124759,14.453769456997346,0.1887239078975683,0.0286206154508284,0.1258159385983789,0.7727566171723693,1.0,11.208897184915555,55.03197507155822
90717,1212.5,82.5,6.804123711340206,87.74755121670958,0.7033153069716596,30.46931667355692,0.787521222725432,0.3920604721102242,0.6754,0.5053,0.584,0.647,0.8291,26.2,0.4469797045754773,12.539012300348814,0.4991279603451441,0.0493849825592069,0.1880392876812924,0.3356893702955755,0.9939875160638884,11.386352662245924,56.69895802149807
90723,3252.0,230.0,7.072570725707257,83.58181007857283,0.9715823809472874,41.201944406512496,1.02573898218542,0.7056494731009578,0.9322,0.8661,0.8146,0.9569,0.9282,9.6,0.4068020587007929,13.207972075216755,0.2068648425477611,0.0897421461547123,0.0381713770971737,0.8125586457981459,0.993337837330631,11.114386316932798,58.22407489699481
90732,935.5,100.0,10.689470871191876,78.22908803195641,0.9252158018792556,28.53691152508371,0.7053348144460928,0.3171985242436316,0.5105,0.324,0.3888,0.528,0.7352,30.3,0.7204620839528766,7.142857142857142,0.6271401395053899,0.0459733671528218,0.1056708035148111,0.3199565178005254,0.9758130265422592,11.65373034156125,55.23928772538873
90802,1862.0,153.0,8.216970998925886,84.09256942256908,2.0393289420594525,40.21432803245319,1.0060443300749806,0.4959542295254968,0.7363,0.8193,0.2161,0.6623,0.8378,26.7,0.2116039385294929,16.200139958012596,0.4853793861841448,0.1423572928121563,0.0784264720583824,0.3835349395181445,0.9879036289113264,11.150706610490191,57.53826546437634
90803,1170.0,90.0,7.6923076923076925,78.74956100944,1.0673032173705823,36.63041790123646,0.8868222490238612,0.2499018531980475,0.1889,0.1842,0.0863,0.3382,0.478,33.7,0.4390586582367404,6.475251903092327,0.7472756562115038,0.0345873211409078,0.0693957484443602,0.1833285953441359,0.9963675416153384,11.58885819980283,56.047204886927126
90813,3438.0,284.0,8.26061663757999,88.81953898254383,1.4821366137351282,39.36702898153313,0.9973467741943052,0.78021193164337,0.9971,0.9848,0.9455,0.911,0.9959,11.1,0.1394713912285797,25.37700150987008,0.3270453147426697,0.1059705109325777,0.117751225604414,0.6610621283575969,0.9949857401159432,10.790040466146326,56.701352602613525
90814,897.0,71.5,7.971014492753622,76.96937778802803,1.096971253891931,36.7554334035276,0.8779744686486763,0.3274639704399292,0.4503,0.4632,0.1495,0.4975,0.6072,33.3,0.3235135426783209,11.610288085701876,0.6799691164406698,0.0822274767166916,0.062442696520774,0.3086425710563142,0.9918930656758193,11.405072957990754,53.51573326879267
90815,1838.0,141.0,7.671381936887922,88.68977777915185,1.0367931774251102,37.88853744753699,0.9241886808782812,0.270793618993299,0.2883,0.2304,0.1292,0.5048,0.5232,32.1,0.6491781722550953,6.878084146027737,0.651511962393882,0.0756799738066839,0.1096143501952805,0.2552912837063542,0.9918379756308612,11.613358862291498,58.33335180077498
91001,1489.0,130.0,8.730691739422431,54.95262019582615,0.3460392043584506,34.44972221262053,0.631625782295277,0.4057411150416127,0.4526,0.3368,0.5811,0.6397,0.4079,26.7,0.7915860735009671,7.073036792970895,0.4394288852278967,0.2132619439868204,0.0610928061504667,0.2963481603514552,0.9974190005491488,11.767800214445892,52.70691468727719
91006,1360.5,81.0,5.953693495038589,72.62536021605227,0.594360466340708,40.74900462806873,0.8519083619921979,0.4910898397749098,0.3673,0.2474,0.799,0.8068,0.1721,32.5,0.7180500658761528,8.22234727693366,0.2740574001125492,0.0125992621772025,0.5459263427749641,0.1945538673169511,0.9999687363221408,11.722845975954964,58.138511147654214
91007,1796.0,141.0,7.850779510022271,74.22197493965488,0.6214636798632357,41.020171577768174,0.8734404907389764,0.4926497507903105,0.7199,0.462,0.8876,0.7847,0.7358,32.5,0.5005059021922428,9.173734528126593,0.2817154673779483,0.0157940480115083,0.5501243743818743,0.1726256480954236,0.9753948512002876,11.441730169928077,56.4246330252998
91008,99.0,5.5,5.555555555555555,35.40042037635824,0.4481023612524301,37.2901871335346,0.7198840409129958,0.2970330420621385,0.1158,0.2825,0.2491,0.5586,0.0487,27.2,0.925531914893617,5.779569892473118,0.5389784946236559,0.0,0.375,0.1653225806451612,1.0,11.84342992981165,50.23009494153128
91010,1222.0,109.0,8.919803600654665,73.61626137791053,0.5668816002045289,39.45746857852516,0.7907138326906563,0.5103013112899414,0.7667,0.5953,0.726,0.8006,0.8691,21.1,0.6310551558752998,8.022367194780989,0.3785274930102516,0.0499906803355079,0.162385834109972,0.5563466915191053,0.9843056849953402,11.46344105987132,58.45421399361357
91011,553.0,49.5,8.95117540687161,72.20976714481716,0.3899094419861522,34.3153228532768,0.6431172031600267,0.2631364819583239,0.0895,0.0485,0.4954,0.4708,0.0886,38.0,0.889697908597986,3.2664672127127368,0.5833047231350238,0.010692039825396,0.3068321153563196,0.0982882927068517,0.9990681249693462,12.257392939553233,56.20737026307164
91016,2074.0,158.0,7.618129218900675,80.32749605697019,0.5803593781870086,40.29473069314389,0.8274309351141218,0.4340216671456793,0.5813,0.5029,0.405,0.7178,0.6014,26.8,0.4882644849785407,9.631294533977334,0.4514370427047965,0.0522213189230548,0.1477930275931328,0.4559322844435943,0.9972263402037206,11.467990858576348,57.07242742324343
91020,398.0,55.0,13.819095477386934,93.81497011197936,0.4809751564749344,35.020953852569754,0.6834994599017565,0.3439426266402837,0.7895,0.7544,0.8326,0.4992,0.7561,28.6,0.2483495756051556,15.248368624317484,0.5406845119190304,0.0147822612864562,0.2627513650286323,0.1259821547476361,0.9804234918098282,11.031189277647456,56.80772669305127
91024,436.0,55.0,12.614678899082568,55.12968734151916,0.4633044090657185,38.02988935394282,0.7585504019891063,0.2068196855054287,0.1029,0.1076,0.2294,0.4221,0.1645,31.8,0.5623754483858111,6.133979015334948,0.6725854183481302,0.0519235942964756,0.1837503362927091,0.1509281678773204,0.9987445072190836,11.760222947226534,52.98634598041096
91030,994.5,71.5,7.18954248366013,86.93139943289215,0.7620886891966107,43.80036750854287,1.054757045138676,0.348652661154722,0.2064,0.124,0.2213,0.6215,0.3615,35.2,0.4659334241775355,4.747394951660836,0.4502877779031712,0.0371666102396268,0.3319414663506752,0.1816198322236015,0.994695858255276,11.758863242713662,56.5212722989456
91040,1009.0,95.5,9.464816650148665,71.15904091854412,0.3867517195616933,34.895257814096645,0.6764669886361626,0.3222068372640863,0.6292,0.5474,0.4774,0.387,0.7926,24.3,0.7226059867262631,6.642436994883076,0.6840897135478935,0.0290277844196834,0.0996604657835588,0.2227057529529912,0.988331500167376,11.550442805130176,56.65197433974661
91042,1349.0,115.0,8.524833209785026,65.53971843968445,0.388686815544331,35.871371864960985,0.7404376069273745,0.3531106400229971,0.769,0.7246,0.7364,0.413,0.8302,18.8,0.5376980148385803,9.310815295549247,0.6411372100741177,0.0191009992993841,0.0918912939267672,0.263763413105203,0.9924407242154948,11.306196454924113,55.11901990994324
91046,5.5,0.0,0.0,87.01779376385643,0.4062052694247,34.69990198217468,0.6543825534180335,0.2999729193617796,0.5117,0.586,0.7665,0.1524,0.321,0.0,0.1923076923076923,0.0,0.7872340425531915,0.0,0.2127659574468085,0.0,1.0,11.397626840606764,52.28331942010598
91101,1191.5,105.5,8.854385228703315,91.2638489176623,0.787620878074485,44.06551152356316,1.0937550725883014,0.4578062203381032,0.5959,0.4345,0.3801,0.6555,0.7908,32.4,0.1497633849865454,18.984648122815017,0.4418604651162791,0.0577595379236966,0.2564726148857476,0.2971576227390181,0.9957440340477276,11.369412998162824,56.92347376940848
91103,1393.0,141.0,10.122038765254846,88.40988591148948,0.637820589974315,39.43790437873167,0.8758913128139086,0.6044231031332901,0.8708,0.8105,0.7149,0.7972,0.9218,20.5,0.4536235186873291,18.77277579416204,0.3052232487944933,0.1574336511208451,0.1209555710972871,0.4859572275186807,0.9722825486803844,11.27101949515503,57.01248229470788
91104,1737.0,134.0,7.714450201496834,71.79474618069261,0.5723880544366511,40.32030974585579,0.8719961778859218,0.4265880015120146,0.6117,0.5614,0.4855,0.6266,0.602,26.5,0.5400452488687782,11.988418063366558,0.4535887298847375,0.0656216938582326,0.0998106798819533,0.3889136366167381,0.9996380644802048,11.449516971777175,52.73118089156834
91105,580.5,49.5,8.527131782945736,88.74259239425352,0.7182432944042269,42.739282357563845,1.000409116358947,0.2791492031057972,0.2386,0.0772,0.1981,0.4419,0.5805,36.3,0.5753497432264919,5.373463599117554,0.6093602269145919,0.0228490387645761,0.1728647967223447,0.1649070280491648,0.9796722344784116,12.003056423692644,57.45087965787414
91106,1315.5,108.5,8.247814519194224,87.79741025896688,0.7187987894005083,42.92029689429406,1.0148144377621016,0.4259427776016761,0.4982,0.5485,0.106,0.6448,0.6431,31.1,0.3469542186908815,12.8081300130181,0.4663839079494394,0.0716835342040062,0.2065258472263049,0.307899046739176,0.9976903372107672,11.421029450265692,56.74762229038585
91107,1613.0,130.0,8.05951642901426,78.964665665263,0.592998437601046,40.484587730991294,0.8690859837536158,0.3676197641000265,0.3047,0.2497,0.3413,0.6329,0.3355,30.6,0.6068639053254438,5.72726435652681,0.4761977839845309,0.0455480187839538,0.2432092323746969,0.2861790614161628,0.994045609404254,11.70207366710646,57.625247112210516
91108,379.0,38.5,10.15831134564644,78.19606551190388,0.6326989745685553,42.20444091838717,0.95473852538073,0.4049640956865175,0.186,0.1398,0.5174,0.7898,0.1136,41.9,0.8236763236763237,9.053268572338562,0.252567879608249,0.0050163229556493,0.6817421769249145,0.0641770841627518,1.0,12.062848717391836,53.56442784271485
91201,937.5,103.0,10.986666666666666,75.65662458247152,0.7104685588844736,43.46084289371999,0.9947688470593932,0.3413652192342472,0.7754,0.8111,0.81,0.3003,0.7121,21.0,0.3205640129772897,12.917926273518928,0.7797680819383658,0.0098362135090014,0.0636646663357848,0.1993412444163696,0.993367323918242,11.11396912877489,56.54772702185064
91202,1058.0,102.0,9.640831758034029,77.39187632450222,0.673562172913108,44.203717812224376,0.987084242027541,0.3077256091210072,0.6585,0.6105,0.7474,0.2657,0.6587,29.5,0.4179036827195467,11.720905785992729,0.7598878717533178,0.0195786430730147,0.1167710568963251,0.1358678989093776,0.9954885900748982,11.410139410319752,54.09899877177425
91203,913.5,72.5,7.936507936507936,93.8401683735309,0.8588998012951056,46.026747271312296,1.1387333613559307,0.3991727809709931,0.6526,0.8269,0.4525,0.4227,0.4484,28.6,0.2008459743290548,17.97469872294502,0.6433838959170214,0.033874932549913,0.1600215840278194,0.1911985131003057,1.0,11.165493388112674,57.63512532404508
91204,785.5,86.5,11.012094207511138,93.64377679476142,0.8422140840079637,46.15069339682891,1.160924530869908,0.5124267240506704,0.8515,0.9035,0.5956,0.5626,0.8998,27.0,0.0706854345165238,14.432095418812688,0.5886690159934942,0.0264570344266738,0.1571157495256167,0.3469232854432095,0.9751694226077527,11.143338952896965,57.3788853517832
91205,1623.0,146.0,8.995686999383858,87.49436642229104,0.835076877452174,45.512799155498485,1.1185205953909918,0.4279315455831332,0.8637,0.8836,0.8053,0.4255,0.8795,24.4,0.156113218558506,19.678366662005317,0.6625926443854007,0.0188225423017759,0.1220248916235491,0.2611383023353377,0.9959166550132847,10.973185831039595,54.829048162012384
91206,1509.5,146.5,9.70520039748261,91.9448326875318,0.7854934443484717,42.74258211645064,1.0336644141312203,0.340122737712892,0.7246,0.6719,0.774,0.3195,0.7532,30.0,0.3581129378127233,13.17272558369976,0.7273487335108689,0.0207159224623769,0.1353502198550814,0.1437418715550876,0.9924444169195517,11.358036179107344,56.43112095027906
91207,458.0,49.5,10.807860262008736,86.90706111853001,0.64951141368947,42.936555669697626,0.96294641310764,0.2314064171556571,0.376,0.3117,0.6448,0.1524,0.4056,26.5,0.5738280270744548,9.413037598052474,0.8184113244973402,0.0036966910107294,0.0907943377513299,0.0658191326300604,1.0,11.580434569552631,51.717835120962484
91208,650.0,49.5,7.615384615384616,83.43268636990159,0.4571537784684294,35.294327278456606,0.6801586905209198,0.2567996264027985,0.3643,0.4012,0.6431,0.3943,0.1993,34.6,0.6399729684068255,6.607270598946478,0.6313325095922482,0.0059829615659751,0.1340963777069649,0.144761657020225,0.9987643883722442,11.6305751584036,57.16135354546122
91210,88.0,0.0,0.0,93.0177781075362,0.8300015532962002,46.22515794422282,1.1671916283906218,0.4419340953524977,0.2649,0.2889,0.1246,0.3592,0.4392,38.0,0.1829268292682926,11.29032258064516,0.864516129032258,0.0,0.1354838709677419,0.2290322580645161,1.0,11.397626840606764,56.698264221536895
91214,1193.0,120.0,10.05867560771165,74.06802673390668,0.3874765843433913,34.99743865733045,0.6900943434475018,0.2829863941143426,0.3333,0.1942,0.4027,0.5144,0.467,32.5,0.7305949008498583,4.037843185753154,0.5659473163492456,0.0068946326984912,0.2675921345535493,0.1608026218154835,0.997588424437299,11.745425111208464,56.301044324706695
91301,885.0,93.5,10.564971751412427,61.88207334526126,0.3472026033150798,30.95298942099912,0.6729277723668594,0.1815123071982907,0.1649,0.093,0.3928,0.2844,0.3123,39.6,0.8012661089758083,4.698146094121376,0.7452860085564886,0.0157661226430042,0.0673823482807795,0.1609491364284582,0.995523688797338,11.967701236685125,56.520453843296366
91302,785.0,66.0,8.40764331210191,52.38878040766252,0.3506934595473506,33.61557031068411,0.6838932543308855,0.1714807695309149,0.2117,0.2585,0.3644,0.1983,0.2317,36.6,0.7202405640812941,9.107834941864883,0.7745269397370621,0.0262557945132608,0.1050991716695797,0.0697621399802416,0.9990120829850292,12.059027494866235,56.9420565627278
91303,1792.0,148.0,8.258928571428571,79.19105032608725,0.5525950594406854,37.99535455866888,0.8614740071413748,0.5655319605465515,0.8053,0.8766,0.3725,0.7575,0.8447,17.1,0.227458617332035,17.61784979255823,0.3535003756819444,0.0385155662996961,0.1060076443108686,0.5921400803632682,0.9983992682369084,11.257219981530636,55.357660396468546
91304,2632.5,215.5,8.186134852801521,76.6441860503278,0.4772437056047556,37.08887048021721,0.8022042085869533,0.4737898547813469,0.8836,0.7959,0.7312,0.6878,0.9809,22.0,0.5073867367038739,12.328716731961228,0.423568577682135,0.048373153819272,0.158895694237525,0.4289024995861612,0.9922934024903898,11.285686036993695,55.10558773484928
91306,2322.0,201.0,8.656330749354005,72.92974713268603,0.5362962228029845,38.07654099872254,0.8447732666761526,0.5454452039492134,0.8532,0.8614,0.7103,0.7609,0.8268,21.7,0.5637356560210148,18.774767488879903,0.3356854023453295,0.0329963606955115,0.1832996360695511,0.4962596037201779,0.9978164173069148,11.319097967990071,53.96535939596747
91307,1001.5,86.5,8.637044433349974,68.94195599741404,0.3684063624824365,35.00041304538164,0.7243079127308297,0.2675250835705739,0.276,0.3374,0.2752,0.4295,0.2636,32.5,0.8134162073413862,6.236203090507726,0.6100993377483444,0.0452538631346578,0.1782560706401766,0.1536975717439293,0.995230211289814,11.782013229813476,53.887848129844464
91311,1656.5,136.5,8.240265620283731,76.77441107493773,0.4561792045210338,36.30869687628292,0.7603589247300322,0.3533940659324604,0.5544,0.3404,0.478,0.5802,0.7787,28.1,0.6613924050632911,6.095133844163598,0.5107722161409095,0.061822071847945,0.1789730321425017,0.2798785948850631,0.9907453477958006,11.62778868655966,57.170273088616256
91316,1648.0,170.0,10.315533980582524,88.85942634029846,0.7708125504572749,40.387354754990106,1.011936420693413,0.2595432620702082,0.4994,0.4813,0.3789,0.2941,0.5771,29.2,0.5046336633663366,8.555286521388217,0.7504649612239885,0.023756886689827,0.0668842334280801,0.1499806997227778,1.0,11.354562592970932,56.463962399863775
91321,1777.5,146.5,8.241912798874825,70.8399325944569,0.3657491621380641,35.05875261223783,0.6586418883988447,0.4552933700900721,0.7614,0.6,0.6958,0.6782,0.905,19.3,0.5944163353812794,9.689549628334063,0.4936598163533012,0.0211922460282757,0.0782393237137443,0.5376184229704125,0.9968517708788808,11.34454231567363,59.37589959461566
91324,1413.0,139.0,9.83722576079264,64.89553164973441,0.5177130974817148,37.4734703414495,0.8081946352791021,0.4284856661365555,0.7468,0.676,0.5284,0.6878,0.8517,27.8,0.4863149543831813,11.646046261430875,0.3744620763851533,0.0570535233996772,0.2009817105970952,0.3861282947821409,0.9968733189887036,11.51378509538211,55.81930078099944
91325,1540.5,139.5,9.055501460564752,65.98068714627732,0.5072602250660624,37.95428439893965,0.8420418261730651,0.4281628920575225,0.7444,0.7287,0.5249,0.6499,0.7607,28.8,0.4546308619744774,16.911950924388666,0.4199003855136899,0.0575456566395587,0.1609308607929763,0.3805611053268424,0.9952443931676844,11.336820544786644,56.53770604329616
91326,1465.0,137.0,9.351535836177474,70.25831301417712,0.4723147681789156,36.51402397945197,0.7611607310620097,0.3409277297626572,0.2099,0.1754,0.4224,0.6006,0.1837,32.2,0.755641166758393,6.363860504616059,0.4466208256855601,0.0828972961126482,0.3125770484617702,0.1341533572583075,0.9991781497411172,11.864778803629743,57.69396134514282
91331,5749.5,461.5,8.02678493782068,78.12737379271624,0.6124675634351772,39.040236924165896,0.8798488552748738,0.6841807156826951,0.9298,0.8918,0.8511,0.9569,0.861,8.5,0.6303544248749728,16.028415694761733,0.3400064125686345,0.019057352410725,0.0458298264598613,0.880255300388762,0.9961925373732516,11.2508071702497,57.59680437858763
91335,4072.0,307.0,7.539292730844793,69.14365102496606,0.5548432761980896,38.84298451474535,0.8850578830480743,0.5168914557019366,0.886,0.8292,0.7816,0.7309,0.9287,19.8,0.4892587733683174,11.898960574405764,0.392713652505249,0.0413437362295549,0.1244848233494906,0.5254153814251277,0.988309702169574,11.220324648640798,53.56752208061606
91340,1989.5,162.5,8.16788137723046,77.13252898778441,0.5574040752790936,38.315068860673726,0.8448482709835545,0.7028510342608147,0.8082,0.8579,0.6315,0.9671,0.6234,10.0,0.6201496833621186,11.633450117741658,0.3851013726954224,0.0199299293550054,0.0266785365573488,0.9144219171787952,0.9979610591005686,11.179743808447082,57.810861831785445
91342,5263.0,420.0,7.980239407182216,74.87091297793465,0.4719736945350166,36.54825820358351,0.7713043310632711,0.6052905453016993,0.8614,0.7474,0.8204,0.8788,0.8812,14.7,0.6709190837244755,13.062216461438757,0.4302225102613956,0.0379239576582415,0.0772413048174551,0.7437351479801253,0.9919421041261612,11.39935355008531,59.37368317932058
91343,3312.0,272.0,8.212560386473431,80.66672293991668,0.5835929278238837,39.04586625386237,0.8938388389569246,0.5365734179709521,0.9175,0.8567,0.8592,0.8045,0.9195,19.1,0.4954280964256026,17.75354865254063,0.311854161062143,0.0503062048011646,0.1355213393888563,0.5935942272087098,0.9966926716566707,11.26176816720082,58.99402553809701
91344,2289.5,192.5,8.407949333915703,74.61735489334815,0.5306077873113264,37.68205516612102,0.8238245817216283,0.384138646627066,0.6164,0.5304,0.5886,0.5768,0.6257,25.0,0.7252216412821095,7.218447142698007,0.5399910883368608,0.030076863094575,0.174724295421633,0.3175336972262448,0.991014073001374,11.625334084289156,58.11333383948991
91345,967.5,88.0,9.095607235142118,91.8764701278508,0.6795087475885748,38.96482015302192,0.8913263517534957,0.5406913536328023,0.783,0.6211,0.7341,0.8329,0.883,16.0,0.7508317929759705,7.759320383096152,0.3144310372815324,0.0202911097884313,0.1031870569774362,0.6715545695579244,0.9829554677777176,11.44702067758251,58.28786888244395
91350,2233.0,172.0,7.702642185400806,53.85753204459942,0.2816793752050139,34.136314459265336,0.6053075092602622,0.2872484104058339,0.2661,0.1532,0.3326,0.5518,0.3783,27.8,0.8164561748468577,6.402141028624622,0.5712357458692111,0.0440539911566209,0.1289737025831975,0.3054456597626251,0.9963928322085176,11.83229514012029,57.343624458378855
91351,1785.5,148.5,8.316998039764771,62.11154700183599,0.3162323759537397,34.121754707798594,0.623740742756845,0.4401124327445595,0.6579,0.5398,0.7399,0.6759,0.5852,18.8,0.7415381631267578,9.465373198274015,0.5548550968571166,0.0297150901245524,0.0697126419193928,0.514612724546317,1.0,11.554201756282067,56.78108128297141
91352,2467.0,192.0,7.782732063234699,83.74434389273057,0.6583420068017056,40.59517881332209,0.9968138006146005,0.6142184031388257,0.9053,0.8778,0.8216,0.7949,0.8835,11.9,0.5312525667351129,13.170763799039497,0.4106927479660534,0.0222582838095655,0.0484419201333304,0.6979232911558957,0.9955483432380868,11.129202278980468,58.65479155222226
91354,1546.0,134.0,8.667529107373868,43.8957051321806,0.2899543423528977,34.25243536912677,0.621129889522598,0.2778826191674875,0.0918,0.1152,0.1506,0.5048,0.1414,32.8,0.7926535899333826,4.945670268470596,0.5847634613638427,0.0515451436181482,0.1957686370652864,0.1944066103695632,0.9996973274009504,11.887532660691894,53.608135753525886
91355,1387.5,112.5,8.108108108108109,62.72499122237912,0.3524689518570816,35.22198623228594,0.6554821766875629,0.2671135705354031,0.4778,0.355,0.4542,0.4108,0.6095,32.9,0.6451504454530174,8.884413483442835,0.6712667965267919,0.024662418699858,0.1189540757370662,0.2158869556604708,0.997589884116346,11.605978554006,57.77508308095342
91356,1458.5,147.0,10.0788481316421,87.94970475705604,0.7379162812390823,39.95379635372039,0.9972195644845028,0.2947986666700993,0.6094,0.5018,0.602,0.3626,0.7161,32.1,0.5748130723347056,9.225791692538971,0.6765253766462956,0.0619301284355697,0.0733684107323768,0.1656916892708912,0.9944115820778456,11.566589447055774,55.957987758868285
91361,630.0,77.0,12.22222222222222,39.10190380402068,0.3068211542033359,28.92933618885202,0.6243767351750901,0.1531905016047283,0.1813,0.1684,0.2474,0.2374,0.3418,33.7,0.696078431372549,6.105689756305658,0.7716632005545779,0.0114648322934997,0.0804138004585933,0.1097424412094064,0.9950941182744094,11.75433320589002,54.18081829214489
91362,1331.0,116.0,8.715251690458302,85.64577629135059,0.3954044917366492,30.460117124731887,0.7060679116282764,0.1735812709618649,0.2982,0.2287,0.365,0.3127,0.4264,30.4,0.7018620092378753,8.433505575197172,0.7527060103345118,0.0190100625509926,0.0932553712265433,0.1656513462061463,0.9981234702202882,11.820395458727704,57.83903945840016
91364,1216.0,104.5,8.59375,83.3758464662839,0.5856641937241878,38.3652284881266,0.9025441403812235,0.2225876835472882,0.3982,0.2766,0.3569,0.3552,0.6008,32.6,0.6688979433449748,6.751260212063272,0.685624891361029,0.0559707978446028,0.1032852424821832,0.1315139926994611,0.9933599860942116,11.762173314903867,56.709156728551626
91367,2301.0,195.0,8.47457627118644,82.52661351689834,0.6130437992968908,38.46342819205173,0.9101378363656516,0.3083472407729559,0.4965,0.4257,0.3604,0.404,0.6286,35.3,0.4894702204672589,11.441754714457671,0.6558557353662342,0.0724666755828986,0.1284383219651375,0.1545405911461816,0.9997102224599884,11.57453783409775,55.722227478863445
91381,791.0,82.5,10.429835651074589,59.04441472868674,0.2596476826403511,33.153020003733985,0.5817956353278324,0.3035771449584643,0.3316,0.3491,0.4693,0.5864,0.2265,33.9,0.6257884700014669,4.903182515337424,0.5052722392638037,0.0556460889570552,0.2384010736196319,0.1969900306748466,1.0,11.910848872478365,56.941646241629094
91384,1164.5,96.5,8.286818376985831,62.26906429844025,0.2200292919059288,31.65097859635977,0.6148853170010176,0.3090730112611298,0.4702,0.383,0.2694,0.6204,0.6107,22.6,0.8492186400112628,3.464487198032692,0.5452770143208447,0.0485679155214812,0.0865036887024446,0.4146173875307392,0.8490525097642123,11.755212602931618,57.23686645706116
91387,2489.5,201.5,8.093994778067886,82.84294106208523,0.3881198001002579,34.023129094717305,0.6387957798819777,0.4434996823795021,0.548,0.4889,0.4739,0.6555,0.5174,23.6,0.6420632658877173,10.249508672989831,0.510082884730411,0.0737204135691702,0.0978595231991797,0.4340126463300008,0.999871827736478,11.618095962575769,58.71686423335323
91390,762.0,71.5,9.383202099737533,29.431663540879992,0.2124410436159618,31.51085022474666,0.5319941405182881,0.235029743892295,0.1444,0.1064,0.2387,0.3785,0.3117,27.4,0.8737487891507911,5.272054939249868,0.6867406233491812,0.0218172213417855,0.0543053354463814,0.2652403592181722,0.9949815108293714,11.887690786828754,57.20120022679823
91401,2031.5,144.5,7.112970711297072,72.7592928711677,0.6713201200806261,42.917723434595175,1.0557687833918663,0.4539422160972745,0.7877,0.8655,0.4745,0.6034,0.8065,25.1,0.3390362895141349,17.348579596212257,0.52073815053983,0.0541616682406391,0.0481125092524056,0.4415886061410449,0.9994639985706628,11.191010751555998,55.08200107510351
91402,3907.0,345.0,8.830304581520348,73.22338795823549,0.6111234800078933,40.7666788202387,0.97817909773954,0.687264184467358,0.9801,0.9725,0.9235,0.9008,0.9085,15.1,0.3590537033339988,19.086801006815136,0.1837879211622532,0.0323240649425202,0.1517729661303855,0.7005019356168215,0.9940385945802728,10.917449311583727,56.2721856896508
91403,1463.0,135.5,9.26179084073821,93.45735075946487,0.8933472700757047,43.47546448090147,1.1603736205659914,0.2298941992858332,0.314,0.3924,0.1251,0.3541,0.4519,37.9,0.4193575442422209,7.582956696411326,0.6939776721906749,0.0604936840885386,0.0814308340093483,0.165642986827365,1.0,11.589608689741183,59.22825138021447
91405,3179.5,253.5,7.972951721968863,71.2668088966387,0.6424361901830707,41.62533140064497,1.0431093096626722,0.6435906725265481,0.9515,0.9444,0.7764,0.7705,0.9623,19.3,0.2690800217746325,19.653387675605487,0.3685596292221961,0.0427584714432562,0.0898991902760996,0.6098176768678654,0.9943914446989234,10.974471674086764,57.8106388040668
91406,2936.0,229.0,7.799727520435967,85.52884891536307,0.6730580593929516,41.52230350364591,1.0877837468357294,0.5690094218228458,0.8608,0.8801,0.7486,0.7394,0.792,18.1,0.3920285227756492,16.81620241759892,0.3862527216758015,0.0440723778061416,0.0743486748254373,0.5763758540430963,0.9987799384338164,11.181904343985003,58.64637841042136
91411,1385.5,137.5,9.924215084806928,81.32541519976077,0.7015713478075895,42.13634079862384,1.084656358383124,0.4830869894866494,0.8327,0.8865,0.4629,0.681,0.8876,27.2,0.2967021045779995,17.15142049052303,0.4611000886487399,0.0726497530499387,0.0886487399214825,0.476972434463253,0.9882223816961458,11.207337365538308,57.44535744464844
91423,1573.5,133.5,8.484270734032412,87.76854543433926,0.8074471426114458,43.492890782554944,1.113497292716598,0.2440314126070571,0.3029,0.4982,0.0991,0.3048,0.3772,40.1,0.3792779492685545,7.830245068738792,0.7297008210903828,0.0497058545946456,0.054487683644257,0.1388303394469437,0.9964136282127914,11.554115391795092,57.35478796063497
91436,711.0,77.0,10.829817158931084,74.9532654987046,0.66197965634688,41.14568858605168,0.9976832908076112,0.1525813145079427,0.1766,0.1637,0.3662,0.128,0.2903,34.8,0.7751886001676446,6.454601605929586,0.8381099444101298,0.0208770846201358,0.0450277949351451,0.077455219271155,0.9967263743051268,11.953410166179433,57.55528241841898
91501,936.5,100.5,10.731446876668446,69.79367280956225,0.6222056580092358,40.44766801677347,0.9806278817932804,0.2875415031813597,0.6222,0.6082,0.7184,0.3127,0.5249,28.6,0.3783469150174621,12.25265157511477,0.7341037412273759,0.0167273494802385,0.0871721808875521,0.1665347475067278,0.9996833940161468,11.292253855887797,51.60267448343464
91502,532.5,77.0,14.460093896713616,87.18601794969904,0.7514600718514137,42.99518537181288,1.0703418743634046,0.4307428136325371,0.738,0.6175,0.847,0.5348,0.7329,26.0,0.0961504028648164,13.247238466536713,0.6107050032488629,0.0440220922677063,0.1397011046133853,0.285899935022742,0.997238466536712,10.997271537014264,58.36051184881072
91504,1215.5,97.5,8.02139037433155,77.60400222436495,0.5984028358867733,39.28400394876601,0.964965651668118,0.3326581463131317,0.6287,0.5199,0.6547,0.4646,0.6761,27.9,0.5515453834115805,11.415990392663488,0.6186906364860439,0.0461807198224098,0.1245314603879326,0.2300665963099094,0.9979984715601004,11.50608210248822,58.28955586876306
91505,1304.0,117.0,8.97239263803681,90.97045802409282,0.6559913026673126,42.51324340392435,0.991904130762584,0.3067890517736195,0.3784,0.3819,0.1906,0.4833,0.4954,31.0,0.4586310209725743,8.81950491354646,0.6128249782311233,0.0304142306256997,0.1022515238213708,0.2788904092548824,0.9995646224654808,11.555611321420164,59.545381300362116
91506,736.5,88.0,11.948404616429055,84.64045181930939,0.6396628110382753,42.3453614083022,0.9803654124326432,0.3177072257611151,0.3801,0.2789,0.3024,0.451,0.5481,35.3,0.5797852647167716,7.919627792831944,0.6380183035942533,0.0119638018303594,0.1500076691037374,0.2547676261567564,0.9854287028989211,11.552232712840812,55.85916899827946
91601,1777.5,143.5,8.073136427566807,82.89314372962747,0.7542153646098979,45.02090486546573,1.091002059490667,0.448467009842163,0.7094,0.8175,0.1895,0.5688,0.8111,38.8,0.1701560283687943,17.088305489260144,0.5639758528709813,0.0976835602976274,0.0888670504001123,0.3307033553278113,0.998146848238102,11.20823286368504,57.63773755307617
91602,911.5,84.0,9.215578716401536,97.4891476857497,0.9277311876724296,45.47366830513256,1.1478055679160184,0.2713881445467122,0.2947,0.5023,0.0649,0.404,0.3841,39.7,0.3228596997116436,8.363363363363362,0.6327827827827828,0.0717217217217217,0.095995995995996,0.1856356356356356,1.0,11.442610291055203,59.70370094417924
91604,1514.0,125.0,8.256274768824307,84.9334463745865,0.8585841358037865,45.38798023977371,1.1208651972787904,0.2095202551960902,0.3357,0.3883,0.1049,0.2895,0.5857,39.4,0.4398920340507993,6.734636610232907,0.7284320144669971,0.042590340785084,0.0862095843856203,0.1190097589873102,0.9908022324073208,11.79429264036424,56.02284127635472
91605,2853.0,250.0,8.762705923589206,79.91765482217251,0.6851975542857536,42.31825000089267,1.056087880535247,0.586173456054154,0.9398,0.9497,0.6999,0.7343,0.9519,15.9,0.3931248064416228,17.535912030046074,0.4391141053935803,0.020327564177024,0.0846981840709335,0.605161265342471,0.9940566074263368,11.01913721078854,58.18142087971968
91606,2125.5,151.5,7.127734650670431,79.1429106628904,0.656489306822779,43.96644411928071,1.081716730818892,0.5036374270295765,0.8766,0.9041,0.613,0.6714,0.9206,18.9,0.339265923463068,18.462986774430565,0.5109524246877296,0.0501010286554004,0.0394930198383541,0.5365310433504776,0.9949715282880236,11.081773249926078,57.05589676412326
91607,1579.5,118.5,7.502374169040836,87.63362093679308,0.7757338055768668,45.10635419962371,1.0937678090728338,0.2964087064884337,0.6749,0.6725,0.3824,0.4476,0.8024,34.2,0.3081230455966838,12.40645539142318,0.6000195223530943,0.0708336044771263,0.0817661222099303,0.2327064488839721,0.9885468861846816,11.32653564400032,57.68482760365836
91608,5.5,0.0,0.0,78.9738863740602,0.7693252743769275,40.75333654504818,1.0528512174254196,0.4904840959252472,0.0135,0.0994,0.0,0.4119,0.0939,69.6,0.0,0.0,1.0,0.0,0.0,0.4107142857142857,1.0,10.949015470111782,60.30633872056646
91702,3416.0,250.0,7.318501170960187,85.86404406923123,0.6206778652493574,39.71486092444505,0.7816767968892524,0.6284534567033058,0.8158,0.7497,0.4432,0.8691,0.9473,15.7,0.584941287543518,11.319055887838443,0.3825969515724484,0.0277027461573091,0.1321467618496366,0.685044054280018,0.9952730079104766,11.319122245432688,57.24855673288184
91706,4103.0,338.0,8.237874725810384,79.46726011075718,0.7951498722698057,43.19556634488539,0.9666210458639736,0.6908621299780823,0.8509,0.8544,0.7706,0.966,0.6993,11.5,0.5965763506514746,13.585764535485206,0.2671080764190633,0.0101110421408372,0.2197117042554659,0.7291261466308021,0.9950203462307744,11.243057115149783,57.73407979786485
91709,3700.0,265.0,7.162162162162162,84.82729611781153,0.7937875402643503,41.52728326840205,0.9699053668564572,0.4857475735165239,0.3725,0.3556,0.2775,0.77,0.3534,32.1,0.7052635757383297,7.145683613944168,0.3291379992596469,0.0412555366921535,0.3996502469971024,0.2871421094956664,0.9981746467367024,11.675069824325366,57.246579754749575
91711,1142.0,101.0,8.84413309982487,81.69818440294617,0.6776880402194762,39.51810323902126,0.8591837453062459,0.3259482615408372,0.3754,0.2222,0.3268,0.5365,0.5585,27.6,0.6541534165826417,5.103617281977519,0.5625432848542965,0.0527942038250492,0.1515369452879441,0.2495338554152682,0.991476213307762,11.6533741280205,57.97176467644954
91722,1870.0,167.0,8.930481283422461,78.1221368352215,0.7276425091808648,42.01939837152241,0.9329240707333586,0.5328739641001112,0.6807,0.5164,0.6964,0.8635,0.6419,16.3,0.6738826815642458,6.533217290397447,0.3729910066724688,0.0350159559036843,0.1619959384972439,0.6352480417754569,0.9978822164200756,11.463283438068746,56.05503456865483
91723,1047.5,113.0,10.787589498806682,84.29545819639317,0.6995319220527666,42.00352205069072,0.9223463319198172,0.5332603044061338,0.7287,0.6743,0.5539,0.8181,0.7173,16.2,0.3885463984425698,9.93097305722556,0.4349810732576263,0.0480961923847695,0.0990870630149187,0.6488532620797149,0.9880316187931418,11.314694014352236,55.29053362082469
91724,1298.5,123.5,9.510974201001156,81.63700932344614,0.6724106453353763,41.19482805847348,0.8849777961737793,0.4831283317436306,0.5778,0.4585,0.5064,0.7943,0.5446,23.4,0.6908970393283252,8.745406824146981,0.4072790901137358,0.0523184601924759,0.1485214348206474,0.552930883639545,0.9985301837270342,11.479575485288674,57.40800164493601
91731,1518.0,137.0,9.025032938076416,78.69355255994596,0.8279304974187552,44.25862765478748,1.0192923938896123,0.7460903267554193,0.9965,0.9573,0.9705,0.9569,0.9965,11.4,0.3412186379928315,17.04194886706145,0.2319421297117123,0.0040778695790929,0.2897060387929506,0.6490904577851849,0.9935817878798624,10.9516307684562,58.805314722313575
91732,3291.0,238.0,7.231844424187177,73.00460951475313,0.8439659630914702,43.96065378388943,0.999906855844812,0.7323248038072421,0.9556,0.893,0.8505,0.9694,0.9496,11.1,0.4339695145382349,16.240999864148893,0.2253769868224426,0.0079642711588099,0.2884628447221845,0.6599816601005298,0.9909998641488929,11.03564744135758,57.09121069112346
91733,2367.5,199.5,8.426610348468849,78.0898517432383,0.9315909137347514,45.24591044362789,1.0885648036887874,0.7609436515883046,0.9602,0.9556,0.7758,0.9807,0.9299,8.5,0.4337107377647918,19.111587083556444,0.2077154098665983,0.0075198472749284,0.2380276115754429,0.7231858077433474,0.9955998416874258,11.064808564281948,56.44102918459198
91740,1256.0,0.0,0.0,86.02162981063628,0.6024401563690784,38.72385221754425,0.7969183758282342,0.3933804631349845,0.6725,0.4064,0.8158,0.6686,0.7578,20.7,0.6528059096866436,8.484759131620654,0.5184475323430762,0.0228152298109174,0.0963104935313847,0.4965906159006302,0.972540636172644,11.476603745670715,57.45283755076769
91741,1085.0,0.0,0.0,60.10107821091309,0.4409320563306549,35.78128100404729,0.6888468312181975,0.3115231592472706,0.2532,0.2164,0.2885,0.5071,0.3163,25.5,0.7155004021601746,5.370029172424382,0.6115461384922463,0.0256026408721019,0.1333103024719791,0.2978274220789191,0.9980807615538154,11.672080743732344,51.67875913396447
91744,4716.0,0.0,0.0,70.35091758516292,0.7289991591230325,43.12991576182508,0.993404031454956,0.6736407851023594,0.7883,0.7357,0.7688,0.9615,0.6309,9.6,0.6877202493900786,10.207860922146637,0.2776140085663895,0.0119551524313429,0.1349584278155707,0.8034391534391534,0.9988536155202822,11.365468995502352,56.02743496586628
91745,2577.0,0.0,0.0,78.5604711444727,0.7299665096456468,42.202692874648335,0.9805080085648658,0.5422773077597252,0.5836,0.4573,0.544,0.8827,0.5116,24.1,0.75475958018062,10.562453819675971,0.2667735947665303,0.0084701472363891,0.4163167474634612,0.4319594874659842,0.998792553479068,11.527094606884422,57.457435454714926
91746,1643.0,0.0,0.0,74.48661221053992,0.7940347690672246,43.70364949520816,1.0238589970738132,0.6536478688095414,0.7977,0.7883,0.6727,0.9756,0.6738,10.8,0.7496848298080964,11.746916307044073,0.2740494070474701,0.0205239729518502,0.1123721499201468,0.8396139862040845,1.0,11.33420541495794,57.67147959488774
91748,3772.0,0.0,0.0,69.6391514262627,0.725385288421932,42.245849590502665,0.9879704980815646,0.5987464288629479,0.7216,0.6462,0.6176,0.9428,0.6228,26.5,0.6434744397246228,9.90855396684226,0.1250142528106542,0.0098515427242252,0.5977286720941369,0.3069257257531185,0.9985177076919568,11.333918409144104,57.743768586099684
91750,1242.0,0.0,0.0,75.7526163617625,0.5709767221958948,38.23728326486808,0.7999485975054025,0.3499134720029967,0.5684,0.2901,0.7265,0.5671,0.719,25.9,0.6851250405975966,8.042229931810025,0.5864935997128843,0.0433664313913147,0.1086254336643139,0.3617956693384376,0.9929417394425172,11.549970736642578,57.60064783623413
91754,2275.0,0.0,0.0,77.84453492559811,0.9834070083718504,46.47461326723125,1.1429058975273456,0.6475969411984511,0.7053,0.569,0.6981,0.9484,0.613,25.6,0.5450121654501217,11.75118602115685,0.1455933052420661,0.0139081238765948,0.6018504876683266,0.3109585408256475,0.9971417626779032,11.332482143188049,57.20532423255512
91755,1281.0,0.0,0.0,78.06354528647896,0.9430234604294998,45.83750520308596,1.1142465923617495,0.6720446368763222,0.8304,0.7444,0.7358,0.9564,0.8059,21.2,0.4493267186392629,12.154591566356272,0.1112499053675524,0.0053372700431523,0.7084185025361496,0.2201529260352789,0.9914830797183738,11.162786259344898,57.591546181802315
91765,2151.0,0.0,0.0,71.73685145912683,0.7157820662371893,40.327143458922905,0.9133878336638922,0.4857711235521836,0.4064,0.3538,0.5041,0.855,0.2607,33.7,0.771367946422651,9.657197095115114,0.2168509811712248,0.0395117321148709,0.5839348387524005,0.1866763790477451,0.9984548484647816,11.568473694269668,59.428597906083255
91766,4205.0,0.0,0.0,80.43980254464172,0.7281559189011343,41.05748105963824,0.9141980217724108,0.6690840581665852,0.8895,0.8398,0.7752,0.9337,0.8685,13.2,0.5285669684670621,14.241120876907804,0.2666110447804134,0.0501891623631629,0.1340535408605089,0.7279802062804781,0.9954687342664384,11.193986616201151,57.81757091396443
91767,3048.0,0.0,0.0,83.22585539230418,0.6391398526970373,40.26361571084992,0.8530199463224444,0.6326389803424088,0.9199,0.7988,0.8413,0.8793,0.9652,13.6,0.55164223669924,14.66035689638174,0.3100069013112491,0.0614413881494626,0.0875283446712018,0.6953366853987972,0.990752242926156,11.23677662833212,56.82595300978015
91768,1933.0,0.0,0.0,89.88944779122892,0.6906217920998884,40.45233461915696,0.8757926774461219,0.6906115112921642,0.9561,0.9,0.7375,0.8725,0.9902,8.8,0.5496609967883906,13.548514516265552,0.2986485342662867,0.0383996839996614,0.0732443641903902,0.7420365093248315,0.9769489038738256,11.17692111887117,58.408735161974334
91770,2616.0,0.0,0.0,84.14766823463165,0.9034983838732158,44.814625713309184,1.0798186730493502,0.693188310638017,0.7719,0.7064,0.6124,0.9603,0.7381,18.6,0.5153724632397618,11.600740616057903,0.0891095775122033,0.006295236492173,0.6392526510688437,0.3007911126073052,0.991398754418448,11.168503714525816,57.49856196360188
91773,1475.5,116.5,7.895628600474415,77.67359884943497,0.598359700343303,39.82241252164262,0.8335648695526513,0.3716622343163204,0.5848,0.4152,0.5585,0.6164,0.6784,22.9,0.7061293031066331,9.237949862032526,0.5354899313098104,0.0322902600833675,0.1594845300299418,0.3612399459872013,0.9934832384195386,11.52747904597774,58.055207157016
91775,1115.0,104.5,9.37219730941704,81.20333194076004,0.6768136061937092,42.26972662863725,0.9450853822249632,0.4878086801874655,0.5602,0.4491,0.5243,0.8091,0.507,32.0,0.6544572468162523,11.523025363068394,0.2601679837808763,0.0144813604203732,0.5223219827051181,0.2433696056932434,0.990028548967686,11.583933637706092,54.67304970554142
91776,1830.0,147.0,8.032786885245901,83.77712310076087,0.7970072791929413,44.409269853007615,1.050077918239198,0.6602003819696662,0.7807,0.7532,0.566,0.9348,0.7457,22.0,0.4240622540876104,13.385109801821104,0.132860203535083,0.0102035350830208,0.6108462774504553,0.2817086234600964,0.9881360471344404,11.253467971746856,56.53683886037545
91780,1824.5,150.0,8.22143052891203,71.29313576860069,0.6481109268448991,41.89702176690295,0.9086827681332748,0.5631826283863856,0.6023,0.5082,0.781,0.8708,0.3633,27.6,0.6054058707067229,9.826752165597927,0.1918101023737203,0.0049780627742153,0.6546855664304196,0.1842726965912926,0.9954156823039711,11.461063587917554,54.911224276629326
91789,1875.5,134.5,7.171420954412157,57.53137359967429,0.6740035491608436,41.62846519599047,0.9283965153750832,0.5343381200227373,0.362,0.245,0.5342,0.9054,0.263,36.1,0.8199716490785951,7.216569591802209,0.1629407641926674,0.0240471759673248,0.6528747855088576,0.1925224158348841,0.9988157672136694,11.72444168004346,57.33042319280312
91790,2214.0,149.0,6.729900632339657,84.29775241367862,0.7844224350933802,42.77354357292952,0.9882124656514356,0.5768599413925304,0.7199,0.5538,0.7567,0.8907,0.6918,16.3,0.6312524538672949,8.768253260506075,0.2795452012038791,0.0266191060082488,0.2172110132649649,0.6206888864117712,0.9899230854977148,11.491374910939784,57.593605173959006
91791,1671.5,150.5,9.003888722704158,75.69968571535898,0.7284955627240629,42.26389171499748,0.9601798788598276,0.5275560638098465,0.6977,0.5655,0.7097,0.8652,0.617,23.4,0.6683035300657834,8.306294613887086,0.2936699899710931,0.0348946964780838,0.2936994867559436,0.5052799244882308,0.999675535366645,11.4769873581646,57.110001119107196
91792,1451.0,140.0,9.648518263266713,61.04739339813902,0.6728542765192642,42.86122981061904,0.9767517004847702,0.6059120710914908,0.6877,0.5251,0.6367,0.9467,0.6692,24.9,0.5745462402765773,11.89438605485773,0.1744744937195591,0.0781530376826454,0.4216867469879518,0.422936426557293,0.9986862342988976,11.4557094024098,56.565704481696876
91801,2416.5,193.5,8.007448789571695,82.97343267567967,0.8153032937492899,44.89325363991138,1.0813613656676588,0.6355335082705943,0.7316,0.6099,0.6031,0.9082,0.7439,26.0,0.3698273705278959,10.718304576144035,0.1683233308327081,0.0271567891972993,0.5250937734433608,0.3275318829707427,0.9901350337584396,11.30933941287155,57.530287555605696
91803,1270.5,125.0,9.838646202282566,88.21272920594042,1.0496975237902906,46.45399363796636,1.1914756969002724,0.6195614766151035,0.7117,0.6316,0.6941,0.928,0.5608,24.6,0.4884158415841584,15.545059642832518,0.1777218506515893,0.0198924360477142,0.4897607391574157,0.3934358408605116,0.9976901330759154,11.24757875743758,58.99345039034647
92397,323.0,55.0,17.027863777089784,7.592926241416902,0.1208685750724342,22.606893135317776,0.3108939522450252,0.3510464934428542,0.2088,0.2936,0.5435,0.1615,0.1437,24.0,0.8050884001724882,14.19252816762206,0.8525400276734533,0.0051393556038742,0.0415101798774461,0.1359952559794425,1.0,11.253779017771214,52.284838571752815
93532,148.0,27.5,18.58108108108108,44.17038446935047,0.1007092593995918,27.993850903975577,0.4957424266288006,0.38271252535504,0.4316,0.4661,0.3963,0.3093,0.4166,13.1,0.7973523421588594,4.299132947976879,0.736271676300578,0.025650289017341,0.0270953757225433,0.226878612716763,0.970014450867052,11.500731418869522,51.98442572842933
93535,5709.5,547.5,9.589281022856644,52.02611333887905,0.2499194683347491,27.959163637474152,0.6044338482824507,0.6542909134183725,0.8292,0.8035,0.8105,0.8164,0.7138,9.6,0.6416415102594392,18.61689635992831,0.3853037513132686,0.216043507817811,0.0254125208577961,0.5337618194178357,0.999097707187442,11.021624652135246,55.62486922257905
93536,4025.5,349.5,8.68215128555459,48.5440476843061,0.1928794241776473,26.760634939340964,0.5233335934698257,0.3888637886461884,0.5228,0.4526,0.4809,0.6142,0.5012,15.5,0.6802640783490731,11.742524018799129,0.5396986039289626,0.1315661782035463,0.0547892029779151,0.3700628024011867,0.9457098889520456,11.486766277484431,53.96687681453884
93543,831.5,101.0,12.146722790138304,31.76122511490661,0.0851503932848338,22.98058697755833,0.3302335412698641,0.6258811652457116,0.6795,0.8737,0.6141,0.7853,0.2445,6.1,0.6993166287015945,17.261671243624953,0.4172616712436249,0.0109062377402903,0.0135739505688505,0.7420949391918399,1.0,11.152342896200478,55.749229023744164
93544,115.5,22.0,19.047619047619047,27.61561297113676,0.0737950477540616,20.97799925981401,0.2732303862555317,0.4586907014019708,0.5895,0.8345,0.259,0.4391,0.3824,3.2,0.8348623853211009,20.672740014015417,0.6874562018220042,0.0,0.0,0.4407848633496846,1.0,11.296757527392444,56.84794323154784
93550,5526.0,462.0,8.360477741585234,57.14577944449961,0.212690366178006,26.621536258576896,0.4856413427625966,0.7113236156834871,0.9497,0.931,0.9409,0.8839,0.7932,6.6,0.5354337580729621,19.57644691476178,0.3032600826983718,0.1434706322621808,0.0249812885731463,0.6886418571551269,0.9986380535208156,11.02506738949063,56.077639780983034
93551,2815.5,241.5,8.577517314864144,49.177988278999365,0.1746683052821826,26.503999230454635,0.4906780539183121,0.4192916105620176,0.4041,0.3591,0.5817,0.6606,0.274,18.1,0.7834492514440646,6.4998715077646025,0.4891882961929586,0.0852821322368662,0.0971217739270898,0.435221557325893,0.99884356988142,11.58182633222492,55.351420880856125
93552,2391.5,238.5,9.972820405603178,49.69823115128572,0.1792989646521955,26.136456698642625,0.4561094623777262,0.6408071827735323,0.7649,0.7304,0.8778,0.8895,0.4849,10.9,0.7566968409384814,12.667450600631758,0.3397892601046782,0.1123331258214014,0.025570081390791,0.7234096516105232,1.0,11.36082268676027,55.80638318285233
93553,137.5,33.0,24.0,27.64748404282965,0.0742451961743475,20.9730163005321,0.272993158027732,0.4564020521826274,0.3573,0.3509,0.1443,0.2198,0.6518,37.0,0.889087656529517,18.133802816901408,0.8204225352112676,0.0088028169014084,0.0,0.1963028169014084,1.0,11.178668772218144,56.82955561423149
93563,11.0,0.0,0.0,14.35191047755754,0.1050630638642161,22.04616623279077,0.2978492127976995,0.3859620390028953,0.231,0.0637,0.1356,0.6011,0.6147,32.8,0.7560975609756098,0.0,0.5945945945945946,0.2387387387387387,0.0,0.2342342342342342,0.6756756756756757,11.397626840606764,49.500454412316415
93591,475.5,66.0,13.8801261829653,15.01068054654448,0.0941865415405274,23.96481613301018,0.3562402076057334,0.6216629753283723,0.6825,0.7006,0.9253,0.8261,0.2358,5.1,0.7106981416373681,11.14441416893733,0.4249318801089918,0.030108991825613,0.0224795640326975,0.7092643051771117,0.9985013623978202,10.965193780508258,54.07943874495955
